smile,p_0,p_1,p_2,p_3,p_4,p_5,p_6,p_7,p_8,p_9,p_10,p_11,p_12,p_13,p_14,p_15,p_16,p_17,p_18,p_19,p_20,p_21,p_22,p_23,p_24,p_25,p_26,p_27,p_28,p_29,p_30,p_31,p_32,p_33,p_34,p_35,p_36,p_37,p_38,p_39,p_40,p_41,p_42,p_43,p_44,p_45,p_46,p_47,p_48,p_49,p_50,p_51,p_52,p_53,p_54,p_55,p_56,p_57,p_58,p_59,p_60,p_61,p_62,p_63,p_64,p_65,p_66,p_67,p_68,p_69,p_70,p_71,p_72,p_73,p_74,p_75,p_76,p_77,p_78,p_79,p_80,p_81,p_82,p_83,p_84,p_85,p_86,p_87,p_88,p_89,p_90,p_91,p_92,p_93,p_94,p_95,p_96,p_97,p_98,p_99,p_100,p_101,p_102,p_103,p_104,p_105,p_106,p_107,p_108,p_109,p_110,p_111,p_112,p_113,p_114,p_115,p_116,p_117,p_118,p_119,p_120,p_121,p_122,p_123,p_124,p_125,p_126,p_127,p_128,p_129,p_130,p_131,p_132,p_133,p_134,p_135,p_136,p_137,p_138,p_139,p_140,p_141,p_142,p_143,p_144,p_145,p_146,p_147,p_148,p_149,p_150,p_151,p_152,p_153,p_154,p_155,p_156,p_157,p_158,p_159,p_160,p_161,p_162,p_163,p_164,p_165,p_166,p_167,p_168,p_169,p_170,p_171,p_172,p_173,p_174,p_175,p_176,p_177,p_178,p_179,p_180,p_181,p_182,p_183,p_184,p_185,p_186,p_187,p_188,p_189,p_190,p_191,p_192,p_193,p_194,p_195,p_196,p_197,p_198,p_199,p_200,p_201,p_202,p_203,p_204,p_205,p_206,p_207,p_208,p_209,p_210,p_211,p_212,p_213,p_214,p_215,p_216,p_217,p_218,p_219,p_220,p_221,p_222,p_223,p_224,p_225,p_226,p_227,p_228,p_229,p_230,p_231,p_232,p_233,p_234,p_235,p_236,p_237,p_238,p_239,p_240,p_241,p_242,p_243,p_244,p_245,p_246,p_247,p_248,p_249,p_250,p_251,p_252,p_253,p_254,p_255,p_256,p_257,p_258,p_259,p_260,p_261,p_262,p_263,p_264,p_265,p_266,p_267,p_268,p_269,p_270,p_271,p_272,p_273,p_274,p_275,p_276,p_277,p_278,p_279,p_280,p_281,p_282,p_283,p_284,p_285,p_286,p_287,p_288,p_289,p_290,p_291,p_292,p_293,p_294,p_295,p_296,p_297,p_298,p_299
CN(C)CCC=C1C2=CC=CC=C2CCC3=CC=CC=C31,2.2129447,-1.5389774,-2.2245927,4.679339,1.0520315,0.27692798,-8.678493,2.908898,4.8298035,2.0574262,-3.2584665,-1.9314212,-6.9607697,0.058554865,-3.1005583,-0.6166114,3.9618423,-4.112019,-4.6875834,5.670348,3.5720508,4.9680486,11.908389,6.339151,-6.0504766,-0.687121,-2.0161474,-8.042781,1.237534,1.8221151,8.572916,-3.699663,-4.5697603,-4.0596766,3.2181022,1.0077345,-0.39545518,1.8180169,9.604418,3.9010777,-1.462875,-0.78979325,-4.698697,-1.4713864,-8.197363,2.7456865,-2.2926302,4.512268,-4.7955666,2.5594702,2.643619,-3.9795105,-2.2357054,-8.934699,-4.8870306,-4.2589297,-3.627592,1.6971668,2.423937,2.996257,-0.40818316,-6.09108,-0.39476025,2.2522264,-9.498795,2.0479436,5.17135,0.44618055,-4.026609,0.124945715,-4.3563223,1.2146636,8.026181,-3.8503091,-3.144587,5.144795,-4.6838417,3.4194913,-0.57773054,3.801236,4.5589433,-0.63255507,-4.10686,-9.891494,-1.7129762,-0.66482913,-7.6372457,4.80808,1.9904208,-0.4905022,4.7093925,4.4323926,1.463289,5.853066,1.526395,-0.8942333,2.8196714,3.7466636,5.1974654,0.51303226,-5.8301244,-8.476999,-5.6479115,-9.891748,3.463696,-6.209378,-0.40916124,1.7563978,1.6386395,-5.1560664,-10.604738,1.4471706,0.60280174,1.8482686,1.323198,-4.2433715,5.126974,7.3231134,-3.6492445,4.693188,-9.3866,0.5104488,-4.396622,5.240632,3.8312154,-8.2490015,-8.931109,-0.9563107,-5.126756,0.8117757,-0.34106207,4.568356,7.8996787,6.1494913,-3.331171,9.650684,11.296698,-0.24499166,6.6065035,-2.5116675,6.761338,1.9403175,0.9076935,0.86734927,6.2856174,7.782378,1.8050606,0.14814833,1.1133778,6.030925,2.727384,1.9608139,6.267914,-3.9634655,-0.18149857,0.48738667,-5.759596,-5.7453837,2.2262962,-0.55893093,-2.7344384,-0.97487605,-4.1111207,-0.34445754,-0.124560356,-4.875844,0.23310484,-3.0168219,0.9639814,2.3121161,-5.251103,-0.9554204,9.426707,-2.5544243,0.433618,0.58620334,4.4395275,-3.0140655,-5.192812,10.103099,-3.3652458,7.0431376,-1.3726265,7.8458066,9.868112,-4.2937255,-2.553584,-1.0963728,-3.6805413,-2.114232,0.18659028,-0.21688712,0.5214889,0.8019589,-0.07604148,-1.8341626,-4.519659,-6.366245,-1.3971624,2.5217226,3.0285225,4.7026496,4.591697,3.3010392,2.7633893,-1.6544564,10.055602,2.9997888,6.226878,-0.87820643,9.036641,-3.6938996,4.3304424,-6.7895722,2.0479145,0.35514876,1.2300416,6.051991,-3.7769947,3.725127,-1.6441061,-6.896027,-2.806405,0.74121517,2.8636203,-4.7687845,0.6156243,0.0076097585,6.0223336,-4.892424,1.7752373,-0.21854356,-3.2951858,-9.961443,-1.5415198,-3.5809503,-1.382114,-2.407906,-2.3318217,6.610455,5.0078397,-0.7294563,3.420698,0.9852103,-3.2403417,4.4690394,-9.6720295,-5.62111,0.96281546,-4.8819723,-12.569113,2.5964777,-3.3737502,0.23850866,-8.28653,-0.15628436,1.3436078,-6.1817813,6.5258703,-6.27928,-0.4061677,7.8058276,2.809796,6.8611407,2.3370416,-7.488859,-5.6214156,4.4804997,1.3610106,-4.2146993,-0.37969273,3.5442402,-1.6551019,0.85245883,0.70788443,-4.996189,-1.6981696,-0.1253021,-0.266058,0.029571975,-4.6793914,-4.315289,-9.754073,-3.984091,1.8586336,3.772756,-1.1996593,-0.3023202,-4.431269,-0.31856054,-1.862839,9.285961,7.5720053,1.2404202,-8.727465,-2.9318767,-4.774791,-3.3707783,-7.536181,-1.4021266
CN(C)CC(C1=CC=C(C=C1)OC)C2(CCCCC2)O,0.59522194,-1.5151423,-1.1420553,3.393737,1.5077873,-1.193063,-6.671161,3.6667695,6.002975,1.2727268,-0.31733775,-0.5680572,0.4317059,0.5947433,-1.6323845,-2.2333333,3.7536397,-4.545647,-4.3396006,3.620446,2.6179717,5.3225102,9.881141,5.8970423,-4.3965397,0.098916665,-2.2309873,-7.079493,2.994182,-1.6864947,5.7055893,-4.8508754,-5.046054,-2.3824224,1.6609535,-0.110006586,-2.4161837,0.003600791,8.769886,3.911372,-2.9443183,-0.13900317,-3.7024043,-2.2355206,-5.1276236,2.2988205,-2.2329493,5.326934,-4.4918623,4.7813625,1.9410007,-6.9509163,2.5413985,-8.402396,-8.130205,-6.6737804,-4.011478,3.0438228,2.5021217,3.5390346,-0.4345187,-5.532437,-2.9424236,3.7493095,-12.254836,0.22558942,6.544419,0.40665096,-4.076772,-1.5943532,-4.833362,3.4499218,6.397757,-4.7305155,-0.058591932,5.748776,-6.930862,-0.7511584,-2.2105403,3.4234848,5.2847266,-0.88535523,0.058889404,-8.009115,1.2404649,0.022483826,-4.9284296,6.7856784,0.41170713,-2.470029,4.2257166,1.6971065,1.8476366,2.2137718,3.01741,-0.51051444,3.559129,5.099681,5.345123,0.010901108,-6.280967,-7.0757484,-5.9857593,-6.8556,3.5125663,-3.5336635,-0.86375487,3.8516178,1.1951936,-6.9864507,-9.689013,5.894925,1.9305644,-1.0571264,2.4711323,-3.1770153,6.189906,6.790104,-2.8988776,6.8689713,-7.608651,1.4289446,-3.0909414,4.6060658,3.732294,-7.6996007,-7.2895637,-0.22517815,-5.8313384,-0.21378715,-0.614377,5.6612387,6.5919065,6.130021,-0.68471,9.034341,9.205951,-2.8728366,6.889775,-4.489016,6.5890484,-0.8569488,0.23892051,-0.63164395,5.4584904,4.9893527,1.8073218,2.74012,-0.8362941,3.8312745,2.817544,3.292749,4.7573195,-2.6753287,-0.9201975,2.0699985,-5.1025085,-0.9017751,-0.74207366,-2.3800273,-2.837047,-1.9643997,-3.4492948,-0.11242996,-0.4447865,-4.6711135,-2.0139315,-3.2230284,-1.3495455,3.015509,-3.9776442,-2.0643747,10.933605,-3.8854308,4.2094126,0.80798084,4.386502,-1.6342324,-0.40903026,10.560251,0.90195453,8.288027,-0.4526867,8.197143,7.144912,-3.182373,-3.3708174,-2.678231,-5.025225,-0.9772444,0.5587884,-1.0536245,-0.2985184,-2.010984,0.025169149,-1.8733687,-3.6258166,-8.966036,-1.957328,2.7265573,2.5410552,5.116956,5.914634,4.802134,3.9770129,-1.6615586,9.43627,2.9872878,5.9253917,-2.0101647,9.837814,-5.6980352,7.1415243,-4.227323,4.0137773,-3.0381494,1.7844561,6.50777,-5.8107505,4.3099346,2.0284235,-7.214538,-2.968422,1.9051317,2.4278173,-6.149544,-2.4921896,-4.384567,2.7612596,-2.0673997,1.7992477,0.57598925,-4.808092,-8.524418,-3.523433,-6.613536,-2.1026125,-0.77923536,-2.235194,6.519743,6.426146,-2.4199426,4.0169578,3.0823317,-3.012597,3.5992804,-7.0601754,-4.7667985,-0.6192833,-0.16597173,-10.966017,4.539637,0.6203344,1.1720554,-7.6631374,0.6373228,1.3879453,-2.6735458,7.5871844,-7.911721,1.8438952,5.059599,1.344732,7.933401,3.774335,-4.8225307,-2.9591136,3.6573327,1.7660631,-5.856355,0.73261654,4.165149,-0.8336122,0.8523192,1.3306488,-5.1301303,-1.3667033,-0.1469315,0.020713912,1.6994394,-4.818141,-6.0064383,-8.678309,-4.1560698,1.233131,5.585577,-1.2385752,-1.1854156,-2.0317786,-1.21248,-0.14473316,8.955837,5.3029823,2.304624,-8.908718,-3.8291469,-3.91267,-3.6756506,-6.2922177,-0.93447834
CN1CCN2C(C1)C3=CC=CC=C3CC4=CC=CC=C42,3.4376085,-5.0499287,-1.1006962,6.003576,-1.8973001,-1.6089385,-8.208486,1.9009248,5.3801045,3.5985217,-0.48543382,-1.9453715,-7.1087813,1.1244913,-3.6356297,-2.059217,3.7648313,-2.1976812,-5.7514863,5.6459007,2.744049,3.8810325,9.174279,5.858895,-7.448771,-1.0524262,-1.9085377,-7.9934487,-0.7286074,-0.54207206,9.655089,-5.646538,-4.95324,-2.3172646,3.044189,2.6998346,0.63833076,0.48812324,7.090894,2.9012525,-3.9807942,0.84778893,-3.6815338,-0.22750409,-6.4902644,5.252038,-2.329391,1.4444264,-3.044576,2.8871214,4.959992,-2.3377728,-1.6545165,-5.6605706,-4.9844494,-3.0043786,-4.37811,1.6484249,3.5331185,4.7054305,1.5493491,-6.0822477,-1.853194,0.68574065,-9.541477,0.9692993,6.6107416,-1.5239422,-0.0460241,1.2583746,-4.4133396,0.8664155,6.8685713,-3.9781024,-0.6896752,3.3893337,-4.4465585,2.2099512,-0.06593701,4.4431214,3.9399457,-0.0735399,-2.1269965,-7.2149205,2.4593365,-2.298606,-7.5800905,6.0964622,3.6819882,-1.6211473,2.9027889,3.262865,1.4718994,2.1699934,5.2681375,-0.1739877,2.4941046,5.6868963,4.1486354,1.518342,-5.2714663,-8.189573,-5.054804,-9.33385,3.7966952,-5.2413087,-0.26448646,2.231475,0.15505263,-5.1894803,-8.3150215,1.929005,0.04012017,0.2234914,-1.2413286,-2.9415226,5.9962516,6.7219057,-1.9104506,2.718891,-6.6530185,0.7970591,-1.3789078,5.7480783,2.3662827,-6.5461683,-6.8662267,-2.3905592,-4.2730565,-1.1177878,-0.6393074,5.117754,8.298557,6.1285496,-1.2172579,10.60112,8.501702,-3.0677042,7.342275,-4.212928,3.1822395,-1.6701676,-1.935734,0.6725428,6.143057,4.6266756,0.35657737,0.8138331,-2.0775197,6.5860786,4.054325,2.0144732,6.5027785,-2.9750867,-1.6648111,1.0785372,-4.1806374,-4.896181,-0.31244543,-1.6042204,-2.9390833,-5.054951,-4.999269,-0.6161839,0.7392895,-5.1520276,-0.20955062,0.6193681,-1.0466976,2.6518812,-5.3260927,-4.487891,9.482201,0.36814576,1.7836362,-2.3252778,4.0510664,-2.3378289,-4.6491723,7.580561,-1.9073908,7.589328,-2.1762102,7.298828,7.2308593,-1.3798565,-3.3861182,-4.2508535,-3.167309,-2.0718007,-2.2157824,-0.27674603,-0.46940723,-1.1503191,-0.17184308,-2.5729098,-4.02207,-8.706067,-2.7392037,1.5774873,4.387796,2.031012,3.1765525,2.825774,5.045489,-0.24898006,8.807642,3.6346917,5.431958,-0.7229297,7.6767764,-1.1776024,5.682508,-7.0161695,0.32285511,-1.8041813,-2.2557154,3.8254442,-3.2044647,4.50786,-0.2493647,-6.744904,-2.3211107,0.8055645,2.4579449,-3.9979212,-2.1470852,-1.8583922,2.369868,-5.319208,1.929311,0.35890716,-1.1907257,-10.356968,-0.968287,-3.8289962,-2.3857849,-1.1233793,-3.5148237,6.857561,5.6460004,1.93259,5.483194,0.39960784,-4.0781446,3.4801898,-9.705259,-5.336325,1.0322663,-4.6894608,-12.292254,2.9112866,-0.4151385,-0.41461825,-9.161938,1.3734579,2.5041714,-6.3274436,6.600003,-3.8540232,0.8598939,4.365673,3.7681055,7.784286,2.2639067,-6.53077,-4.3682604,5.753281,-0.049559467,-5.6786027,-1.8187972,3.1480496,-2.1397476,-0.79457927,-1.0420809,-2.7613032,-0.8029846,0.5951898,-0.6288525,-0.59508675,-4.830488,-5.550121,-9.912988,-6.544649,-0.8518597,4.513791,-1.8886101,-1.8073441,-5.648738,0.38258624,-0.39808655,10.346076,5.557737,-2.2241938,-8.82309,-2.588363,-5.069476,-2.1208684,-7.194276,-0.77336955
C1CNCC(C1C2=CC=C(C=C2)F)COC3=CC4=C(C=C3)OCO4,2.4193513,-4.1282907,-3.2009995,6.4064865,-2.9973118,-2.440366,-9.286803,-0.18791214,6.623507,1.8462994,-0.7929045,-0.9830409,-7.035613,0.9234885,-4.7432833,-1.7103353,2.9012642,-5.1634088,-6.4787025,7.6136303,2.2411602,6.038071,11.065182,8.352943,-8.7038145,-0.5605762,-0.87936103,-10.1589155,-2.9130623,-0.89378476,9.008272,-4.8001127,-4.6125913,-2.697053,1.1429225,0.91878396,-0.40943545,-2.1737423,12.246794,4.253528,-2.4577131,-1.4081231,-1.8827362,-0.433488,-9.005393,5.4927335,0.10748776,4.460376,-5.6724663,7.205448,2.8015265,-6.1218557,-4.401921,-7.6292434,-8.295027,-4.7988677,-6.833962,0.92281604,7.109708,11.208439,-1.3984835,-7.842203,-5.5017242,2.6460357,-13.983031,-2.6645715,10.275053,-0.77255994,0.23079783,0.86361325,-6.091521,1.201958,7.4719515,-3.1166868,-1.8358195,4.8128366,-5.2945986,3.2604718,-1.4244274,4.188454,6.147886,-0.056213796,-5.2248883,-12.480056,2.361915,-2.9845252,-6.4368567,9.888066,3.876062,-2.7560897,1.7159575,2.633462,1.8994303,4.2978954,3.1499753,-1.7855858,1.6221606,6.4906683,2.9044163,2.0413537,-4.8869762,-3.9899588,-5.240048,-13.087459,2.750251,-4.7432094,-0.23955008,4.6349645,0.5543341,-7.376488,-10.153769,4.458582,0.0026766807,-0.50057685,-0.90242195,-3.821328,7.64158,7.567529,-5.3303766,1.8902305,-8.27588,2.920232,-3.5291867,7.8618045,2.3311198,-5.119354,-6.9336004,-2.0185728,-4.1690803,0.33258486,-1.8360091,3.6432202,9.743357,8.402871,-0.5633665,15.472152,11.180264,-0.1942398,6.607252,-4.340284,3.3624642,-2.1143048,-1.7001898,-0.30582404,4.5304976,6.1711054,-1.6786287,2.1315684,0.26231804,3.302982,5.7423334,3.1453233,7.2691584,-1.6962408,-2.1246245,1.2944561,-6.8807077,-5.5452366,0.03466157,-1.1233886,-2.3989184,-2.9751136,-5.5332913,-0.7206547,0.67606485,-6.286875,1.1612852,0.5236907,-0.8775329,4.565822,-3.3626342,-4.388305,9.649192,-2.65486,3.099508,-0.58560055,4.5801916,-3.0044816,-4.2558975,9.178866,-0.96720105,7.5960083,-2.3955426,9.507308,9.868585,-0.06452528,-3.1735806,-2.152451,-4.646074,-4.222881,-3.0162857,-0.9115685,1.7302902,0.18195793,-3.2381573,-3.303346,-4.019669,-8.844565,-3.875497,3.329358,5.155642,1.3083864,4.8006563,3.9992175,4.372803,-2.0458045,10.37046,6.559235,10.312392,-1.6061839,10.30014,-3.539064,4.476992,-8.058958,-1.4821347,-2.5438807,1.6781731,5.04236,-5.7433057,6.1430326,0.3315564,-9.187099,-3.9461355,1.2611378,1.8387315,-5.8793526,-3.525763,-0.18108596,4.0599585,-4.1450353,3.2417772,0.703422,-3.7568884,-12.724785,-0.92903304,-4.990901,-3.7974029,0.9459102,-3.0095124,6.7483764,5.2293,0.6615603,5.183646,0.65869284,-5.6718836,5.2344747,-10.526614,-6.2354407,-0.32030007,-1.3531008,-14.51559,3.3459227,2.2522557,1.4815767,-12.081882,0.6177568,2.6225965,-2.104084,4.815472,-4.787708,0.6197336,6.7834654,3.308994,9.566819,3.4337378,-7.157446,-7.44664,5.686274,-0.16914639,-5.784371,-0.40179923,2.9449663,-2.7886748,-0.10031003,-1.3736277,-2.0413842,-0.5490741,3.3324084,1.1416816,1.0926932,-5.6588316,-6.689506,-12.0964365,-6.016318,-0.86981916,4.2991605,-0.95191085,-3.9870822,-5.1304836,1.5011286,-2.8106515,12.985789,4.827246,-1.1653318,-9.69511,-7.3868566,-8.216141,-4.249732,-9.159241,0.49890468
CNCCC(C1=CC=CC=C1)OC2=CC=C(C=C2)C(F)(F)F,1.3646036,-3.6252253,-2.4254084,7.0546722,-1.6410457,-1.4632785,-10.879543,0.08826682,14.563454,3.0328302,-5.673604,-0.6443826,-6.8494544,0.88939196,-4.7170315,-2.3910275,5.160556,-3.4436855,-5.7869244,4.9412584,2.4277704,5.21375,10.197393,6.7237563,-8.073732,-0.9129628,0.40510684,-9.148488,-2.0574827,1.2993517,10.34883,-6.648698,-2.0220895,-4.205506,3.335567,0.6478552,4.139173,0.43532154,9.308719,4.537422,-4.1110983,-0.2386308,-5.057672,1.2463398,-10.947051,1.5264578,-1.141959,8.470952,-4.0909963,6.102777,2.8717496,-6.197615,-4.3567257,-10.041447,-3.8298788,-7.224891,-5.1771584,-2.1858664,3.7326505,6.729989,2.1455941,-6.7367964,-0.8550209,2.4249651,-9.484871,-0.7916235,7.3735337,-0.18880506,-2.3699417,-2.7897394,-4.089443,2.049505,5.345875,-4.9084883,0.38249958,5.315929,-4.1199527,4.8474436,-0.17818424,3.2229946,6.5593967,0.43751532,-1.883921,-9.287143,1.3173757,-1.6683476,-6.707213,3.6007705,2.471599,-5.464077,2.88547,1.0224768,2.722938,5.281765,3.2058256,-0.43261838,4.3767385,3.1896544,5.1569715,2.2362065,-4.5325985,-5.502527,-4.899102,-9.76724,4.2357264,-5.045941,-2.874589,3.1355238,2.2908285,-6.763221,-11.2608795,3.6368542,4.5144706,-2.4090927,2.6979098,-2.9225965,6.6206737,6.525942,-4.968832,7.2515407,-10.810888,1.9400918,-6.485673,4.453744,3.2893693,-2.8773901,-6.1286554,0.33990437,-2.472155,2.9650497,-2.5226748,0.030678555,8.845159,10.204193,-3.6364346,11.05081,13.936132,-1.1218631,10.387573,-1.5571343,4.26358,-0.7476992,-2.817967,1.0205656,6.815143,7.269615,4.6071463,-3.3071253,-0.09778288,8.599345,4.7694564,2.186236,7.0566425,-3.0052114,0.94842637,0.52670074,-5.065295,-4.1892695,1.720554,-5.553889,-2.9777935,-3.2904968,-3.8229175,2.7232633,1.44259,-4.5509486,1.0310334,-1.5075787,-0.30858698,3.5842912,-5.7003865,-4.0278926,8.790354,-0.0819349,1.4748713,1.8573333,7.0694137,-3.6062372,-3.2186882,9.174694,-2.0929887,8.284327,-3.8377924,8.676313,7.049888,-3.7870798,-3.237561,-4.504565,-5.4323673,-2.0359323,0.24149369,-1.1493506,-0.4347605,0.6336253,1.474851,1.0130074,-3.5953515,-9.904962,-1.4408693,-2.4168277,3.7712088,2.632865,5.400365,4.117103,2.6153646,-0.5026864,8.410238,4.227275,8.674154,-2.591692,11.351954,-0.7445644,6.2309027,-4.71227,0.81747967,0.48599768,-0.15088855,4.051017,-8.408109,3.4249938,1.2075517,-8.800171,-2.8981755,-0.91457236,2.8758152,-6.892033,-2.2062151,2.3374307,5.999981,-7.5371575,3.4522831,-0.41374692,-5.194627,-9.049177,-1.1487263,-2.7828844,-3.2097259,-2.52107,-3.8332179,8.716714,2.565813,-0.5601385,1.0333779,-0.5456679,-6.428026,3.623992,-8.206533,-5.854508,1.8258705,-3.8741264,-13.244003,0.42309582,-2.3240192,1.6431214,-10.329246,2.279177,1.7663912,-5.3962536,4.2711506,-3.6362307,0.68351626,5.0903473,3.7184873,6.2337646,2.3297381,-4.9088516,-6.566857,1.8154159,1.1724374,-7.115685,-1.9415517,2.704897,-0.16238248,3.818599,-2.2104921,-3.651772,-4.1161733,1.1725459,-0.4586107,1.4949458,-4.063045,-5.2170515,-16.266575,-3.5244076,-0.5027601,2.5708663,0.2117465,-2.4278412,-2.8624256,-0.029662047,-2.5285742,7.8764277,11.066363,1.5786183,-6.096572,-0.10474503,-0.72400165,-4.409212,-8.755808,-0.46829936
CN(C)CCCC1(C2=C(CO1)C=C(C=C2)C#N)C3=CC=C(C=C3)F,2.0985045,-0.9393849,-0.8709389,4.892739,-1.3136936,-0.06222391,-10.780325,2.491839,6.5946956,1.5720158,-3.413877,-2.5656412,-4.9158087,-0.42514852,-5.8212953,0.35344148,6.6068788,-4.052894,-5.762681,4.9467993,0.5708952,2.2962937,13.795685,8.055501,-8.258613,-0.6872756,-3.1760805,-8.50278,0.21773623,0.85861015,8.624355,-2.6096933,-3.1920164,-4.6489797,4.1363034,0.850849,-0.2821477,-0.9098948,11.724606,2.8810453,-3.3170407,-1.9633647,-4.8688984,-1.8919163,-11.76945,1.8162869,-2.2754912,7.9718614,-3.9974976,3.490755,5.472165,-7.071922,-1.0952612,-10.715395,-7.929766,-5.3184233,-4.181965,1.786959,1.8079295,5.6282396,0.8646072,-6.5790644,-1.7113208,1.425073,-12.765036,-3.1026824,9.003062,-0.49926892,-3.6606808,-1.1246856,-6.6687937,2.2965338,8.422872,-5.004092,-2.5216773,6.0503345,-6.4964952,4.3329096,0.041793473,1.2759689,5.27814,0.12653929,-3.6123185,-11.295989,-0.305638,0.4255961,-6.722186,7.2414527,3.986769,-4.075266,5.7980237,1.606668,2.8716762,7.0776486,0.34570578,-1.2183272,0.30192488,4.1408243,2.3123674,0.90334404,-7.3356714,-5.2863092,-5.660392,-10.146968,4.0511518,-3.1309037,-1.7203796,2.78404,1.6293432,-7.775989,-12.470744,2.8224688,4.3424444,2.7433357,3.663441,-4.7897553,6.605652,9.350908,-3.7768426,7.0148954,-10.386824,3.1356442,-4.8255196,4.708426,4.5590105,-5.5728498,-10.305152,-0.7152133,-2.315605,1.921644,-1.376194,4.294077,7.7648206,5.6967506,-3.0610018,12.056494,12.935349,0.71159863,6.053494,-3.325588,4.023881,-0.7098484,-0.092600346,1.3253756,5.862973,5.486673,1.7190704,2.0161004,-0.61502004,6.847928,3.6214268,3.054578,7.563095,-2.0183072,-1.859182,4.269557,-6.1376257,-4.402133,3.2639804,-2.4066176,-5.422061,-0.56281894,-5.4435587,1.5781159,1.3100436,-5.423295,1.0827603,-1.8461435,1.0827689,0.46869367,-4.611895,-5.11754,9.010226,-4.4724293,3.9053411,2.3585172,3.718078,-3.772055,-4.7773924,11.095628,-3.258194,8.459202,-2.875886,9.971723,7.764719,-2.5106497,-5.092552,-5.7482934,-5.2325144,-1.892213,-2.076389,0.8896815,0.7513676,-1.886632,-0.111810565,-1.9438789,-3.94521,-8.100288,-2.392763,5.141994,6.0172663,4.367969,7.5500054,3.0261278,3.8713276,-1.4456292,11.466855,4.1247005,8.658717,1.372172,11.780964,-2.8737524,5.673579,-5.8085165,1.1374943,-2.110158,1.3339113,7.3484044,-4.975891,5.0344276,-1.5454602,-6.051669,-4.2358522,-0.39479098,4.1382813,-4.972646,-3.0787919,-0.0068003684,8.033684,-7.007821,2.189203,0.98028,-5.1668234,-10.408038,-2.1608293,-5.2278605,-1.2862394,-1.8162116,-3.220725,6.650556,3.213918,-3.5998633,3.405934,1.6200176,-4.4007835,3.0851047,-8.5279875,-5.837784,-2.2184176,-5.611418,-12.880802,1.7255136,-3.013162,-0.47393134,-12.998088,-0.7497078,2.3502905,-4.972274,4.5226083,-9.116238,-0.25441688,8.0980425,4.7852597,7.60604,4.670276,-6.5204573,-5.1952586,3.0437565,1.3635738,-7.5445833,0.62345946,4.1151185,-0.7090887,0.7466227,0.28409833,-3.5350628,-3.4694161,0.16476348,0.6666582,1.7856988,-6.206371,-6.134921,-8.833039,-3.5440273,1.5855699,2.273526,-0.24230878,-1.8977189,-3.9265068,0.39676046,-2.855706,8.462715,10.22363,1.8019515,-10.9078245,-5.228049,-6.2532635,-6.2942033,-8.995069,0.6188375
CNCCC(C1=CC=CS1)OC2=CC=CC3=CC=CC=C32,-1.3846178,-2.852166,-1.6649053,7.514577,0.07569052,0.46371728,-10.053034,0.74233913,11.105597,0.9846937,-4.8623476,0.13406211,-6.101655,-0.74257326,-4.28892,-0.17386448,4.1895423,-4.300768,-4.3247547,5.2632003,1.0837307,6.0330954,11.042242,5.406169,-7.142725,1.7701912,-1.1427864,-9.647068,-1.183093,1.1679984,11.339803,-6.9013834,-3.1218855,-5.357612,3.2745378,1.7673259,0.33982414,3.3131914,7.5099645,4.2515845,0.099359415,-1.2138789,-5.224029,0.12346134,-9.696297,2.5354583,0.25355095,7.557506,-5.5534253,3.5842042,3.7296686,-5.432205,-2.080874,-9.076383,-3.6003165,-5.199233,-5.4511833,-1.1996294,2.535429,2.3109038,3.0030508,-7.074033,-1.0611011,1.8496019,-9.051285,0.87822115,8.331251,0.43344244,-1.8269225,-1.0566561,-3.999786,1.4980828,5.2618947,-4.002647,0.31685615,7.0903425,-4.6012015,5.5351295,-1.8573992,3.1793349,5.5908117,-1.5104191,-3.2750359,-9.40931,1.8626807,-0.32679647,-4.7600455,2.6890116,4.4144077,-3.933798,2.7067735,2.78279,1.9577421,4.977415,2.146036,-0.29845196,3.8188484,1.6527519,6.6990013,2.6782305,-4.153821,-6.884367,-5.329647,-9.75247,2.9475625,-5.7849736,0.19357911,3.6993182,2.0721452,-5.3064785,-10.403616,1.9580137,4.4030066,0.068600155,1.8015946,-5.7330627,6.5822,5.4904394,-2.9286156,4.789488,-9.1977625,0.8883809,-4.360408,4.1622334,2.2597945,-4.7947803,-5.954708,-1.2425936,-4.6087036,-0.37150037,-0.31549606,0.8219745,6.816195,9.787112,-2.6123426,10.079138,11.681929,-2.2949607,8.153065,-2.2866514,5.1251254,-0.2868607,-1.6979152,1.5026753,5.703241,5.355045,2.8532794,-1.5843368,0.3605312,7.7243137,3.0606513,1.743066,5.031089,-4.7543626,-0.88057166,0.6281873,-5.632592,-3.725497,2.566469,-4.453583,-1.5810708,-1.45654,-3.028837,0.08589082,0.6572876,-6.5433025,0.38987675,-2.5179417,0.33300757,4.9663086,-4.732569,-4.076822,8.838963,-2.04938,0.059948325,1.6611488,4.7859898,-2.699406,-3.7519624,7.0700526,-2.50663,7.18068,-1.8975433,5.8418694,6.6058135,-1.9271095,-3.0436873,-1.6633307,-4.392391,-2.5414925,-0.5984803,-2.0582583,-1.6092165,0.29197067,1.1404253,1.2108481,-4.4599752,-9.194131,-1.0171664,-1.7222471,2.6599147,2.218493,2.2201247,1.6424247,3.32798,-0.95817614,9.230231,4.1690288,6.533176,-2.058795,9.8130665,-1.467509,4.159915,-4.3510976,0.7665302,0.063786216,1.213438,3.8053906,-6.564986,2.722518,-0.3215863,-7.205486,-2.674085,0.18944323,2.693131,-4.98549,-1.9402279,0.35511833,5.1085815,-6.9724126,0.8905447,-0.5055404,-5.835605,-8.477532,-1.4747448,-3.4522257,-1.7725714,-2.0708828,-1.5250121,8.15564,4.6650457,-0.48843825,1.2841228,-1.5498148,-4.671064,4.0456834,-9.855641,-4.6410747,2.914157,-4.2465873,-12.597345,1.7843426,-1.5276042,-0.09056652,-8.136068,2.0721107,3.4306922,-7.7917557,4.843096,-5.289381,-1.8665191,4.560853,2.4905293,4.8752246,2.8951728,-6.1817374,-5.5406647,3.3029776,2.7918544,-5.4806466,-3.7975152,2.8155336,-1.2576419,2.7752995,-0.83600247,-2.1519015,-1.0346079,-1.9150634,-0.108148694,1.3245696,-5.7787766,-4.2532744,-13.285887,-4.0422907,-1.672127,2.677723,0.13329047,-0.4551078,-4.984837,0.060397938,-0.64407235,9.156019,9.789745,0.42550302,-5.164441,-0.010098316,-2.8502376,-3.178745,-7.508208,-0.059672937
CN1CCN2C(C1)C3=CC=CC=C3CC4=C2N=CC=C4,4.1507444,-6.039632,-1.5333918,5.7194524,-1.5394526,-1.1891395,-7.8789234,1.7791488,4.496748,3.2389395,-0.015282199,-1.924066,-6.819858,1.7905279,-3.8171523,-2.573947,3.4241133,-2.5089943,-5.271949,6.434268,3.1942737,3.846684,8.687357,5.4230037,-7.0245833,-0.9589944,-2.6585586,-7.95244,-0.7239767,-0.98938143,9.077445,-5.769956,-5.470298,-2.5297213,3.3860862,2.4140747,0.22636986,0.14863189,7.410925,2.7947202,-3.125565,0.9369058,-4.028119,-0.09967467,-6.2358203,5.4226756,-2.8720973,1.8956813,-3.1854405,3.4871006,5.97772,-2.526619,-1.2864097,-5.8565483,-5.030029,-3.4023912,-4.6261077,2.6607006,3.064109,4.911141,1.7792162,-6.4435244,-1.9828141,0.017284729,-10.500282,0.16945209,6.0776653,-1.9207649,-0.16633946,1.1264826,-4.3159146,0.68071586,7.195432,-3.5361621,-0.52714854,3.2966294,-4.6109786,1.306676,-0.34526682,3.5669281,4.0569997,0.075203635,-2.1231804,-7.600569,2.3890831,-1.912471,-7.4775777,6.596061,3.2866151,-1.4918205,3.5350037,2.5318346,1.456813,1.481961,5.034138,-0.11971177,2.1904094,5.5914125,4.1424313,1.6601137,-5.3717794,-7.3458934,-4.484172,-9.240244,4.2828836,-4.952677,0.3169194,2.2101855,-0.64793897,-4.2331223,-8.678013,1.1092709,-0.30305564,0.5278406,-2.0810027,-3.414519,6.034484,6.3455596,-1.4364791,3.0310128,-6.351677,1.2103001,-1.2151634,5.4186177,1.8684471,-6.967786,-6.5925283,-2.2913907,-3.9189644,-0.80891085,-1.094826,4.9344897,8.127553,5.1970215,-1.680991,10.555149,7.4851913,-2.7605314,6.345094,-4.5002604,3.0585723,-2.2993302,-2.7346504,0.19602728,5.7470675,4.2807226,-0.12768194,1.1242256,-1.7061843,6.2299986,5.1275773,2.368296,6.595606,-2.7282143,-1.3857058,0.8613969,-4.246044,-4.0495553,-0.088200845,-1.3366824,-2.9324381,-5.45538,-4.98826,-1.4094418,0.5985834,-4.359524,0.15034342,0.45752117,-1.4849123,2.378405,-6.20443,-5.1066937,9.542875,0.09004977,2.5966215,-2.131711,4.38511,-2.3823028,-3.738086,7.7011123,-1.4291716,7.245711,-2.8321311,7.4953985,6.778236,-1.0773875,-3.7485106,-4.258947,-3.4791284,-2.0484521,-2.0006344,-0.12296932,-0.9526212,-0.48263755,-0.17390792,-2.314066,-3.663771,-9.058258,-3.1011617,1.892327,4.70609,2.3351066,2.7013872,3.1605318,5.226236,-1.6841049,8.853171,4.1109743,4.890453,-1.5621454,7.2911863,-1.0629959,5.6788507,-7.2677164,0.13501444,-2.0288417,-2.0714571,3.9316814,-3.3171213,4.29702,-0.09453228,-5.966641,-2.4739242,1.2818884,3.0907466,-4.2276435,-1.9397463,-1.6737366,2.1296248,-4.995876,2.5862713,0.033515535,-1.1008135,-9.8939905,-0.80776006,-4.0603228,-2.292836,-0.4546708,-3.6514988,6.9041386,5.358633,1.3086226,5.740352,-0.31517917,-3.8873863,3.0179336,-9.268313,-5.366337,0.5296606,-4.931826,-12.379317,3.1910462,-0.088913895,-0.8811254,-10.540331,1.8850589,2.4750693,-6.1092153,6.2521186,-3.5693433,0.8933492,4.128659,4.0227127,7.603758,3.2224581,-6.037019,-4.80573,5.4647155,-0.09010363,-5.3524356,-1.8788499,2.2345288,-3.2519753,-0.68683696,-1.1919475,-3.434855,-1.1300802,1.1211247,-0.38381794,-0.55141956,-4.524727,-5.676201,-9.51269,-6.805676,-1.4909456,4.041365,-0.8901806,-1.6708969,-4.8379216,0.5651257,-0.29956588,10.021378,5.475316,-2.9900835,-8.5488,-2.9489064,-4.968236,-2.396755,-7.437318,-0.55327535
CNC1CCC(C2=CC=CC=C12)C3=CC(=C(C=C3)Cl)Cl,2.6710148,-3.9595752,-2.8858807,6.6860948,-2.3811793,-0.6829121,-6.8869276,0.38610974,6.461324,4.008566,0.072380826,-0.5790096,-6.2289267,-0.88518596,-4.411408,-1.8822718,2.696105,-0.9277333,-4.217567,3.962647,2.2588234,5.1919203,9.838766,6.0425534,-6.5583444,0.1309444,0.35807467,-9.608647,-1.9101363,-1.5600408,10.652273,-5.4737153,-2.544025,-4.879208,2.7588334,1.365151,1.2342584,1.1520697,9.465751,2.872899,-2.2080007,0.28570414,-4.285309,-1.1466022,-7.2153983,5.8660393,0.29960954,4.34511,-3.5268369,3.0094597,3.6058123,-4.494339,-2.822538,-5.740869,-5.3128185,-1.8449363,-4.3474083,1.2740821,4.555731,5.8405747,-1.7266974,-6.5537014,-3.7583134,3.2098782,-10.708069,-0.05511029,7.4011106,-1.7142234,-2.0282054,1.1129135,-4.644718,2.437939,5.2446547,-4.1096635,-0.9423611,3.8297532,-5.4739804,3.8265796,0.92555016,2.7992642,3.4957013,0.015198141,-3.858752,-6.9251504,2.8935947,-1.8162615,-5.7412114,3.9716086,3.4741235,-2.057067,0.8808285,3.1271467,-0.6715863,3.3708813,3.200171,-1.520889,1.6239468,3.1830935,6.6938653,1.1835536,-4.6287975,-5.509495,-3.0979817,-11.33864,2.999797,-3.6474366,0.45285812,3.7857323,0.65536475,-4.202044,-9.71654,2.935306,1.3487082,0.5178219,-0.78731394,-1.710204,6.204653,5.5886655,-2.9140372,2.713863,-6.296174,-0.79510564,-3.2787633,6.501878,3.9282215,-3.5314736,-7.501769,-1.434845,-2.979262,-0.7196694,-1.8610533,1.1764586,7.458594,6.555041,-0.9707779,11.406723,8.960039,0.6445136,7.3838396,-2.9217794,4.1628327,-1.031532,-3.2920551,-1.65256,3.2976658,3.5864298,0.079067215,-0.3355646,-0.5917913,5.036916,3.6480355,2.6642735,7.4270105,-2.0258918,-2.251782,0.110323444,-4.7087603,-4.3234386,0.27270088,-2.877337,-0.9892118,-2.8332496,-3.2945855,-0.22719535,1.342497,-5.095222,0.057813134,-0.5663818,-1.1491424,2.7371774,-6.073611,-6.5492573,8.952967,-2.5918343,1.8683549,-0.6620799,5.2237396,-2.9341474,-2.1467297,11.335065,0.16131419,5.38116,-3.2844956,6.8590965,8.255174,-1.8889974,-2.9204211,-3.903201,-4.3674164,-5.8148265,-2.9256637,-0.3880819,0.449887,-0.25909388,0.04218732,-1.816395,-0.83353406,-7.8756075,-1.3541099,0.7205918,4.1737156,1.1296173,5.811698,1.6166738,5.816591,-0.5244886,7.4851794,3.874444,6.462512,0.2850486,7.8267174,-1.6553206,5.160733,-6.694747,0.9576335,-1.2036512,-0.9982041,5.823385,-4.5523562,4.229395,-1.5199095,-6.186237,-0.3347494,1.4385289,2.7810304,-3.100495,-1.4711801,-1.4171283,4.7908673,-5.9008603,3.8692865,0.82701886,-1.9618757,-10.967878,-0.3449768,-3.7615263,-0.89173174,0.028135065,-2.0498629,7.5248504,3.1579914,-0.2895213,3.7302136,1.0499666,-2.8803709,2.8187118,-8.278026,-4.9889235,1.6867466,-3.2837646,-11.623436,2.4522617,1.2125436,0.46023828,-10.901979,2.677081,1.965348,-1.8417302,6.1557727,-4.483601,1.5686524,3.574246,3.6464794,7.5963836,2.6581514,-5.14989,-4.1074185,5.2655406,0.58415675,-5.789532,-2.7267103,4.8409247,-1.5882044,1.1807054,-0.68659985,-2.2442634,-0.27401894,-0.7769781,-0.8059796,1.0036896,-4.81244,-3.55192,-12.310226,-5.8304462,0.3257691,6.460727,-0.59202063,-2.0628402,-4.9332676,1.8503516,-1.7027724,11.080111,7.4841914,0.47475624,-6.9468164,-2.9679046,-7.863616,-1.6396455,-8.144079,-2.1212304
CC1=C(C(=O)N2CCCCC2=N1)CCN3CCC(CC3)C4=NOC5=C4C=CC(=C5)F,5.227003,-7.8632636,-3.0523148,7.8004723,0.12316626,0.6544924,-11.689922,-0.8017477,5.4134836,2.5322192,1.9297718,-1.6548979,-7.584865,5.2627535,-5.3694115,-5.3902426,4.505642,-6.176303,-7.8326626,5.2648,3.897465,7.1835103,15.165278,12.797476,-10.9476595,-4.357391,-8.063953,-12.925571,1.9164349,-3.255698,9.477228,-7.539955,-8.201489,-3.3258944,6.579526,1.6004703,-2.5969212,-2.4357352,14.033093,3.5661378,-2.551658,0.9141942,-3.5226548,-1.1230572,-10.258951,6.525515,0.42347986,5.6137695,-8.003024,9.501939,7.226104,-5.8585863,0.99757695,-8.791848,-10.463296,-3.480946,-5.860558,6.249361,2.1679912,7.5895247,3.7513225,-8.22699,-4.3570275,1.3489989,-17.525225,-2.9256124,7.290014,-2.7718909,-3.5633528,-0.08431809,-4.1482077,2.6437602,7.7265635,-8.209273,-0.3066063,4.860839,-8.669637,1.3577303,-0.2143121,3.4032845,4.3470645,1.1430929,-2.6190476,-13.547818,5.363028,-4.425569,-5.6357813,10.723887,3.7137654,-2.4225423,4.0328107,0.92967826,3.2710092,3.8862987,6.592073,-1.4302785,-0.06961476,11.919529,4.6227455,3.6306791,-8.937621,-8.299215,-4.1762695,-12.543519,6.8017416,-5.2320247,-0.54799414,3.2322319,-2.9785905,-6.22014,-11.307321,3.6596339,-1.3676884,-0.06234581,-0.7198153,-4.9445477,5.9183593,11.460084,-2.446099,3.9185135,-9.354022,1.5212405,-1.2748008,9.494846,6.2047634,-10.511731,-8.922927,-2.5208554,-9.821208,-0.13863055,-1.3730152,5.287971,12.777625,7.898018,-1.740356,18.536083,9.503546,-2.8523624,8.09665,-4.6678977,4.932395,-3.511742,-5.179641,-0.69990456,6.963894,5.1732183,0.43522474,4.7806582,-1.4669079,8.870158,6.160885,4.2309,9.323302,-0.39095455,-0.44346705,1.4204242,-6.075915,-6.908912,-0.41907728,-0.4781405,-4.5647836,-3.5152562,-4.112621,-0.7831856,1.0337809,-6.4494963,2.0294034,0.8550571,-3.542793,4.751811,-10.3797245,-3.9931583,15.9840355,-2.625386,8.676286,-0.22755605,6.672687,-3.6499755,-3.6071117,14.839414,-1.436578,11.882246,-4.976823,11.029739,10.314095,-0.51553285,-3.8086433,-4.360523,-5.7592716,-5.160266,0.89448756,1.034507,0.61104715,-0.56860244,-0.820771,-1.0773644,-5.1695404,-13.221397,-4.8410172,1.3033962,7.0289817,2.7843194,3.9848838,4.621173,5.102928,-4.0059986,10.698483,5.6793327,8.285899,-0.7508214,11.626352,-3.480819,9.190274,-9.864336,1.7272469,-4.8217716,0.47130352,5.0364766,-8.160453,5.9961643,2.9548512,-7.7488337,-1.9466476,2.1319146,7.26696,-3.7672248,-4.044281,-2.007818,0.49787328,-4.7680306,4.250867,2.9816022,-3.81512,-14.771999,-1.815278,-7.0409245,-5.6201477,-0.90210134,-5.1249523,9.594617,9.09086,-1.1673744,9.06736,2.2840838,-7.5851345,5.263851,-14.147473,-9.516858,-1.6824789,-2.6530943,-17.030392,5.258297,1.3556727,-1.1329782,-14.550382,1.292851,2.307247,-5.68112,8.3900175,-9.475212,1.6441898,7.4148927,7.318918,13.095823,8.07819,-6.7722,-7.5012107,7.55724,-0.9756796,-4.675655,-3.5585718,2.2685108,-4.518648,-1.1288472,-1.3608516,-7.302763,0.32180503,1.0799271,-0.79023856,-1.6734737,-3.5095975,-4.9560337,-12.028643,-9.110997,-1.5293655,4.1125546,-1.1576378,-1.752291,-3.8826947,1.9695202,-1.7864166,13.933183,7.0694747,-5.6062307,-9.915488,-5.1252275,-7.587566,-5.1641126,-13.073371,-2.7114668
C1CN(CCC1(C2=CC=C(C=C2)Cl)O)CCCC(=O)C3=CC=C(C=C3)F,0.6387299,-3.6424417,-1.3285451,6.655047,-1.5620288,-0.5059675,-12.082626,0.89929676,8.15132,3.4779136,-3.2702458,-0.5812501,-7.166076,3.1880262,-6.539375,-0.7108319,2.3619897,-3.7594924,-8.119304,4.854942,2.547179,3.4395773,13.231091,9.129553,-8.806554,-1.6033634,-3.1009858,-11.102016,1.9823166,-0.5106853,10.086791,-7.338359,-3.041754,-2.35533,3.726704,2.0938337,-0.73404896,-1.9052567,11.941912,4.312881,-5.343932,0.41086137,-4.913245,-2.0757284,-10.489037,5.451175,-1.0502744,6.320361,-6.021043,5.9705048,3.672655,-6.8416004,-2.1696248,-8.59805,-9.448479,-5.4906516,-5.2984877,2.8540688,2.9586296,4.80332,-0.907099,-8.753561,-3.0836818,3.6694095,-13.184496,-1.1609511,9.427625,-0.82726574,-2.886827,-1.2495394,-3.8076775,4.585039,7.1795516,-8.664392,-0.6890259,6.165836,-5.210536,2.9509993,-1.1132269,2.6396677,5.53854,-2.0224247,-3.1465967,-9.796359,4.7704053,-2.289188,-6.483423,8.5051,3.9165118,-4.767353,4.8561544,0.20789728,0.77842206,5.109991,3.4779778,-0.8348452,2.0141344,6.576552,2.8966513,3.033094,-3.5701544,-9.808512,-5.965079,-9.991484,5.0407734,-4.9583125,-0.7930877,3.5125902,0.41920623,-10.845679,-12.668041,4.8026533,2.9828348,-0.070468046,2.2757974,-4.9770274,6.5409927,7.4295244,-3.8044956,6.3624306,-10.466648,2.0944846,-2.846067,5.9949665,3.6001961,-6.5719547,-9.293453,-0.29560173,-5.3772926,-0.9877883,-2.2010252,4.6588025,10.030795,10.648258,-2.186522,14.818377,11.92286,-2.7609408,7.8871064,-3.7408335,3.8670816,-1.0449431,-0.7074363,1.2959621,6.6599054,3.4605546,1.3679315,2.455983,-2.6258736,6.990905,5.2124505,1.848373,8.601632,-2.6863,-2.2243419,2.2421796,-7.5973043,-5.6346536,1.0928731,-5.2013464,-3.027018,-2.3284082,-4.4595385,2.7002919,1.5832555,-7.4446173,0.7294272,-2.2577217,1.0617073,5.042019,-6.9673753,-3.853582,13.034259,-4.186331,3.105304,1.898304,7.2199497,-2.5258942,-6.7566996,10.126105,-2.6191573,10.078717,-4.1691513,10.965323,9.940365,-1.9336095,-5.075519,-3.7852356,-5.2921996,-3.6355515,-1.5436507,-0.12749816,-1.5816816,-3.1102066,1.5958476,-1.084934,-4.331706,-9.002848,-3.3533473,0.58656085,7.589722,3.3808727,7.196922,4.1192675,4.032485,-1.4297801,9.189894,5.092875,8.250151,-1.4604863,11.169466,-1.8088083,7.818548,-5.7034235,0.96357894,-1.4566599,-1.2250546,5.0646777,-6.6328406,8.33813,0.019028224,-6.950535,-3.1574814,1.0226518,3.3672192,-4.7266927,-2.1234984,-1.0767832,4.200144,-7.234038,2.7204702,2.220642,-4.759081,-12.457603,-4.024706,-5.860675,-3.8180346,-1.8337847,-2.9236317,9.163124,5.1135206,-2.6807654,4.057302,2.2148955,-6.4912324,3.7368212,-10.191994,-8.013081,1.4371417,-3.9222956,-14.540146,1.6382157,2.1623662,-1.0034211,-12.193911,1.09745,2.2239847,-6.3442183,7.9084783,-8.162536,0.32940185,7.1151333,6.043318,8.651831,5.84148,-6.5530324,-8.814089,3.602737,0.31401837,-8.895972,-0.91783017,4.034387,-0.7670368,-0.8493515,-0.5910406,-4.1105957,-0.9043263,-0.40708542,0.07786599,-0.9072456,-5.81561,-5.359259,-14.185653,-5.1536784,-1.0867727,4.615152,-0.7135323,-2.1692371,-4.4287734,-0.3297317,-2.9932647,12.499143,10.532978,1.1106671,-10.0636215,-4.0512333,-4.548356,-4.088823,-9.815319,-1.4238812
C1CC(=O)NC2=C1C=CC(=C2)OCCCCN3CCN(CC3)C4=C(C(=CC=C4)Cl)Cl,2.9592571,-6.615891,-1.5963069,7.865406,-0.78514206,0.9604018,-11.281583,1.0111738,7.3454576,2.6832597,-2.6408448,1.4766455,-10.413525,3.5143416,-6.570606,-2.1525295,3.3346596,-6.5794992,-8.80601,8.331443,2.9704058,4.771058,13.598711,12.137992,-10.32187,-4.1481013,-4.24114,-13.515304,1.5946256,-1.6674628,11.122967,-5.6734824,-5.6769505,-2.86912,3.9333308,1.9453053,-1.5803871,-1.6908089,11.6712885,3.4103577,-3.9918277,0.8710071,-3.5639398,-3.6662087,-10.988599,4.552899,1.4153744,4.7578464,-6.8294897,5.662673,3.012625,-8.845918,-1.8919901,-9.220558,-10.799625,-3.7821903,-5.5472665,2.5377855,3.1190188,8.701697,-0.013510063,-10.752159,-4.137981,1.5482653,-15.318563,0.8104974,7.807666,-0.39843532,-1.6134887,0.96082115,-5.7432017,2.9691,10.053865,-9.274908,-1.4572878,6.076684,-7.488731,3.850519,-0.27900565,3.273835,6.345059,-1.9053646,-4.6128263,-12.058914,3.287248,-3.609742,-8.432773,9.819988,5.231714,-1.6134561,5.751358,3.9864738,0.6232686,4.70136,5.2215533,-1.2374134,2.198271,8.383347,5.0363955,4.925501,-6.3015833,-10.414396,-5.4288282,-13.402506,5.144278,-6.9705524,-0.73203695,3.588572,-1.3039329,-9.122381,-10.502473,6.6122255,-0.4240518,-0.81053805,0.40917587,-3.4104693,7.1101823,8.741822,-1.1179901,6.2850313,-12.205504,2.352962,-2.7091677,6.787454,5.855118,-9.322917,-10.88151,-2.1786737,-6.601386,-0.8867072,-0.95840865,4.296385,11.032434,11.047286,-0.86258894,16.791695,11.219639,-2.343481,8.216417,-5.8050814,7.1392827,-1.8660297,-4.2642927,0.95409375,8.185049,6.453387,0.6486268,2.394904,0.908505,10.165355,5.785539,3.819717,7.1849957,-1.9419122,-3.5286624,2.0262623,-7.3683767,-10.60667,0.85536766,-3.5362232,-3.2265124,-1.4690107,-6.30975,-0.84645873,2.0988503,-6.846948,2.5006363,-1.9195775,-0.13535613,7.764786,-8.3429365,-5.3072352,14.864851,-2.5253158,2.6387243,0.041477386,7.493577,-3.324336,-5.817806,12.421104,-3.323932,12.761961,-3.8833838,11.9224825,11.948148,-2.3265707,-4.7768626,-4.216133,-6.03672,-2.1567276,-2.496702,-0.4633019,-0.096273646,-2.14436,-1.5528517,-0.32972175,-5.0565186,-11.51826,-4.0052824,1.3535666,7.4558563,1.4379901,7.249175,3.4011412,3.699228,-1.1024117,14.329113,4.524677,8.423119,-2.7142203,11.878652,-3.7202852,8.76951,-8.4661455,1.6551425,-4.583827,-0.23947087,5.4569173,-5.5427556,7.1716757,-2.2580013,-7.658756,-1.3192115,1.4605803,5.2467785,-3.5341747,-2.8750384,-1.8622719,4.8391414,-8.024794,3.4295378,3.2006335,-2.8059916,-15.533163,0.89165086,-6.3192253,-4.27874,-1.2551678,-3.7909262,11.399603,5.83602,-2.2510753,7.923345,2.3932211,-7.2913747,4.438469,-16.328789,-9.47373,-1.0399314,-6.782567,-18.932962,4.4272485,1.5358086,-1.7932167,-13.035721,0.14333287,1.8415766,-8.327687,11.285589,-8.025914,-0.8508551,6.7185755,5.384815,14.2066145,4.5186477,-8.643933,-8.736287,6.738465,1.5071573,-7.6781087,-2.714112,3.1755843,-3.7145267,-0.7437648,-2.0371912,-6.319253,1.1522892,1.2706546,-1.9002857,-1.2242514,-6.154475,-5.810037,-15.683084,-8.061636,0.761316,6.242748,0.9047823,-2.337066,-5.050952,1.1575598,-1.0654862,15.287107,10.003936,-1.2627506,-11.734752,-4.7419095,-7.389557,-6.533105,-11.231107,-3.570388
CN1CCN(CC1)C2=NC3=C(C=CC(=C3)Cl)NC4=CC=CC=C42,3.6236634,-4.2167134,-2.5563517,7.429073,-1.5820478,-1.2351915,-9.441652,3.153596,4.9085145,4.32813,-2.697986,-0.7330806,-7.9218826,1.4680693,-5.3733478,-0.61888134,2.5314136,-1.9605302,-7.568132,6.9549637,2.5712,2.770581,9.787866,7.292915,-8.235199,-2.0553792,-0.87905896,-10.035784,2.1919837,-1.0333229,11.574702,-4.932973,-1.9024702,-2.341067,5.138116,2.936096,1.3953514,-1.398568,9.276783,0.94296217,-4.141136,0.22336118,-3.5438766,-1.6542547,-7.822009,2.145039,-1.7013296,0.73198134,-4.6752777,4.516492,3.517147,-3.523546,-2.0372713,-7.2220955,-6.6129665,-2.5840328,-4.472087,2.1927397,3.0653048,4.508046,-0.7776338,-8.447511,-2.2183237,2.0307405,-10.42091,0.64778024,7.6418076,0.4765528,0.10871431,0.6591864,-4.7801657,2.5639298,7.967523,-7.415165,0.046822816,4.028438,-4.1752195,3.1011376,-2.8889208,1.6612309,3.3865025,0.69844186,-5.3842936,-7.8452935,3.1707847,-3.5970588,-7.89815,7.4147096,4.23959,0.2140885,1.671326,2.9116926,-0.02146145,2.8638194,5.1510124,1.0259308,0.58477557,6.9613166,1.9209872,2.895645,-7.321456,-8.996564,-3.3150146,-9.417394,4.56505,-5.6512213,1.6760279,3.1319563,1.0129077,-6.2079654,-9.211244,2.7054396,0.41690007,1.0436323,-0.9120289,-1.8968539,6.1378126,7.167817,-1.7503643,3.5796597,-9.76955,-0.010284074,-0.85746944,6.045154,3.978456,-5.462644,-8.144621,-2.5595217,-2.5593934,-1.3411245,-2.2387738,2.3724997,8.60942,6.845395,-2.8539767,12.859834,9.111919,-1.5160238,7.802236,-5.1163063,4.0156274,-1.5766015,-3.4312518,0.07449505,7.8689795,5.174655,-1.5644159,1.1505529,0.60932624,7.55215,6.626687,2.351551,6.8130093,-1.521399,-2.3830786,-0.47338358,-5.5138106,-7.2125115,1.4565796,-3.3097029,-5.295164,-4.9653206,-6.120028,-0.79815936,1.7952789,-6.882582,-1.648202,-0.39145827,0.6855527,5.1714787,-5.3530827,-4.873388,9.217185,0.1364309,1.3888454,-0.64612424,6.0288577,-2.2546003,-2.5670555,7.8493266,-2.2354527,8.351655,-3.4400105,8.392357,7.9440145,-0.8190371,-2.9616942,-4.7441583,-2.321743,-2.9678054,-2.983976,0.7194228,1.247191,0.94786346,0.5699527,-1.9696872,-4.9282985,-8.723987,-3.0215561,1.2441968,3.693799,0.75056916,4.1962843,3.3900027,5.421346,-1.7317144,10.672084,4.158049,6.2438264,0.5626722,8.285484,-0.46585092,5.8695774,-9.209873,0.56794876,-1.8607248,-1.4192667,5.5463285,-3.201707,5.459779,0.045327436,-5.3602605,-0.40940854,0.61780936,1.6006888,-2.335355,-1.8192934,-2.0033321,4.682107,-6.934885,4.3485656,0.03428872,-1.5632783,-12.083672,0.37787732,-4.088631,0.72653216,-2.9912462,-3.319723,8.971435,3.9339325,0.9588734,6.8544645,-0.54346704,-4.7905583,2.204976,-9.995472,-7.089591,-1.1670668,-8.214678,-15.78392,3.6944005,-1.098196,0.5495359,-11.944057,1.0387866,2.761351,-8.207598,8.233162,-5.1960034,-0.933294,3.7194703,3.7928433,10.532671,3.6418297,-5.069403,-4.9619956,7.67019,-1.8727932,-6.5802164,-2.562815,2.882694,-2.6171248,0.7799832,1.0322509,-4.290198,-1.1528908,1.0718187,-0.07137413,-3.0296407,-5.254669,-6.040508,-11.462759,-6.646843,-0.12914163,5.137519,0.020714998,-1.8884299,-5.2945533,1.8510022,0.483805,10.867236,7.3987293,-2.7727394,-9.741641,-3.7203622,-6.3014255,-1.6657865,-8.099391,-1.6556685
CC1=CC2=C(S1)NC3=CC=CC=C3N=C2N4CCN(CC4)C,3.6813862,-2.6954696,-1.8594286,6.482369,-0.0010831505,-1.4521128,-9.473133,2.4875748,3.394423,2.936297,-0.8929547,-0.14439788,-4.738416,1.6378452,-5.1708627,-1.4564879,3.4118059,-1.7534009,-5.1764092,7.560079,3.7179751,2.6143405,9.572058,7.720818,-7.704115,-1.540574,-1.5695796,-8.825452,2.001822,-1.5669997,9.480607,-4.96702,-2.5711734,-1.7133847,6.1349044,3.2174268,-0.10779472,-1.0913489,7.9381795,0.8535764,-2.9421792,1.7201116,-2.565442,-1.0985523,-6.8970118,1.7800168,-1.5926182,2.3606017,-5.433629,4.148958,3.4682257,-2.5667448,-0.69096327,-6.2955637,-6.4763823,-2.4597707,-3.9903038,2.8000011,2.3383255,4.2159824,-0.6689566,-7.199893,-2.3309846,0.85792214,-11.089728,1.8571538,6.5188313,1.0145229,-1.5519218,-0.16874088,-4.397394,2.7202652,7.2129693,-6.814848,0.18671346,3.4702506,-5.3010736,3.3325856,-3.1935794,0.36644486,3.037034,1.5421749,-5.3312693,-7.8253856,2.5836222,-3.282599,-7.2446404,8.100855,4.0152655,1.1452314,0.29172528,2.1747584,0.82570815,1.9668858,4.5076632,0.6065616,-0.21381621,6.4360046,1.9816498,2.7474124,-7.9739075,-7.797461,-2.8354738,-7.31768,4.427764,-6.545931,2.0488787,2.7509046,0.37450907,-6.2392344,-8.164212,1.5024948,0.5170023,1.2477814,-0.24969801,-2.4143748,5.807075,7.4079933,-0.6588507,3.11659,-8.741363,0.25346416,-0.68886614,5.622344,3.879926,-6.2576404,-7.3051453,-2.7478657,-3.425938,-0.95926744,-1.7672627,2.3530698,6.796268,6.1212654,-3.8470216,11.198337,7.207018,-2.3707054,7.4005413,-5.453226,4.91671,-0.8489271,-3.992579,-0.5208677,6.4789586,3.5437572,-1.5935998,1.6336725,1.0659912,6.1360407,6.9101963,2.4250808,5.285113,-1.231221,-1.9230717,-1.0830075,-6.1111426,-6.4914517,2.3418722,-0.88855577,-5.2051525,-4.146036,-5.278353,-0.9186425,2.575179,-6.29143,-1.8809334,0.22328901,-0.8572034,5.0575476,-4.522589,-5.0239134,8.374459,0.23863633,2.217371,-0.1502392,3.594877,-1.0994024,-0.44336158,6.2411785,-2.5919275,6.746476,-2.8175552,7.5113206,7.066942,-1.7196462,-2.2046041,-3.8147855,-3.0536728,-2.1724179,-1.9239008,1.2467834,0.9741047,2.2638736,0.12703311,-2.0491016,-5.396742,-8.11213,-3.665483,-0.37747055,2.2284932,1.6935287,1.2282655,4.541716,5.7247314,-2.8712597,10.528274,3.9445095,5.3076973,0.6193294,7.42925,-0.5215851,7.1526937,-7.686798,1.6717852,-1.2481354,0.37351522,4.3968697,-4.1556273,4.339566,0.7600864,-5.6713753,-0.4803783,1.4996645,2.3505461,-2.4546487,-0.99549574,-2.629801,3.542319,-5.412042,4.9790955,-0.46254328,-1.6030554,-11.4702635,-0.02303113,-5.2666254,0.13019228,-2.8604035,-3.7855668,8.51138,5.318705,-0.18996416,8.1853485,-0.34072334,-4.400346,2.338656,-8.728151,-7.3791723,-1.34881,-6.5790577,-14.833576,3.5099883,-1.154855,-0.63806057,-11.088876,2.8607903,2.6026382,-8.317235,8.309567,-5.360599,-1.5440031,3.1897242,3.6106522,10.554395,4.2886834,-4.8187413,-4.1063175,7.504587,-1.0563418,-4.8992395,-2.5904303,2.351006,-2.2097225,1.535588,0.65517706,-3.5955255,-1.8282458,1.168416,-0.64072245,-2.9383953,-4.73576,-5.2789736,-8.295469,-7.7734413,-0.75362027,3.7304945,-0.67787087,-0.59248936,-5.2554455,1.8350948,2.884809,10.5834675,4.591491,-3.3431065,-9.57862,-3.4945536,-7.8441644,-1.4102488,-8.67614,-1.2247728
C1CN(CCN1CCCCOC2=CC3=C(C=C2)C=CC(=O)N3)C4=C5C=CSC5=CC=C4,0.8773544,-6.488011,-3.0522645,9.9942045,-0.09473002,1.0058763,-14.429771,-0.014218144,9.1501045,1.649191,-4.868318,0.715557,-9.420865,3.495019,-7.6358953,-0.5514706,4.944394,-7.804435,-7.6930494,6.966714,2.4755008,6.900973,15.352852,11.107962,-11.612649,-3.8102057,-3.9751995,-12.6008005,0.72007585,0.07237627,12.886786,-8.319639,-5.5720353,-4.937395,5.804208,3.209021,-1.8566709,0.65487635,10.693758,5.170783,-3.596143,0.030398011,-5.5003963,-1.7016512,-14.233962,4.277849,0.87327147,6.5305057,-7.672245,6.207508,5.5237074,-8.015735,-1.2791169,-9.801312,-7.434972,-5.780988,-5.6609545,2.041804,3.070165,6.5274134,2.2518861,-11.038014,-1.5013145,1.3514785,-16.18285,0.24775106,10.021889,-2.1480384,-0.05498988,0.54207885,-4.8820686,0.518943,9.261683,-8.407691,-1.1333939,6.474751,-6.3521566,5.5783215,-2.0644662,3.0409105,7.665823,-2.521006,-5.1578255,-15.097225,3.3743572,-3.851752,-7.5569944,10.011763,5.7599354,-3.1103501,5.1226,2.7099056,4.2222934,7.2524543,3.6493278,-1.447311,3.2993402,7.5572357,5.1086617,4.3893604,-5.4867296,-9.969695,-6.9864745,-13.828502,5.6300073,-7.3535404,0.4456252,3.053971,-0.61920726,-8.789399,-12.499816,5.1857123,1.6473668,0.6002081,1.443657,-5.928602,7.4748163,8.761208,-2.7603862,4.846592,-13.838661,2.5165539,-2.231125,6.886053,4.0947347,-9.646073,-10.489875,-2.717706,-9.0,-1.4840016,-0.3852476,3.9931407,13.222393,12.673558,-2.2267158,15.301663,13.479627,-2.7982166,9.489817,-6.2831235,7.8862796,-1.6808825,-1.6488384,2.8660693,9.047505,6.041606,1.8237668,1.6431609,-0.51631916,9.840596,6.1748166,2.5144646,8.300789,-3.2892194,-2.4973135,1.3105824,-7.9061103,-9.850645,1.9638402,-4.4344554,-4.8374605,-3.0646718,-5.7838335,-1.3673763,2.6637268,-9.783611,1.1549451,-1.9186598,1.4242358,8.062725,-8.103399,-4.2965198,15.352676,-2.0526788,3.0083816,3.0667498,5.795545,-3.878973,-6.6888623,10.683424,-4.626052,12.158216,-3.9197247,11.211615,11.197625,-0.8796711,-4.904017,-4.191185,-7.2020082,-1.9320321,-1.725218,-0.37403485,-1.1984468,0.52595794,-0.9309721,1.2350287,-7.6899915,-12.476377,-4.8195524,0.1098242,7.3684926,1.0751153,3.9578311,4.337886,4.1095643,-1.5489764,14.213439,6.1516166,8.463192,-2.5850697,12.671815,-4.416799,6.9609647,-7.8761687,2.833291,-2.0180144,0.1446045,5.0720005,-7.5011983,7.2785068,-1.6345732,-8.297064,-2.5500689,2.5017292,3.3302262,-5.020752,-3.2808774,0.45956337,3.5613656,-10.078534,2.3999696,2.9283485,-6.341491,-13.315455,-0.1831536,-5.0395136,-4.4871993,-1.8064704,-4.458211,10.496725,7.876009,-0.7597921,7.468989,1.2375128,-8.318265,5.8046584,-17.778849,-10.144542,1.4362121,-6.580673,-18.458767,4.601893,0.3998738,-0.8700089,-11.90258,1.703397,3.3546996,-9.18544,8.018027,-7.504136,-1.8391095,6.9267297,6.580335,12.622045,4.6965566,-9.890655,-9.955356,7.2036686,2.157929,-7.431793,-5.9124184,2.3074496,-2.2377224,0.34017533,-2.1626534,-4.8232636,0.2773579,0.3442199,-1.6649921,-0.81756955,-10.332982,-6.304369,-16.82907,-8.554766,-1.780896,4.5021515,0.095763594,-1.2929282,-5.152935,-0.15173815,-0.9716229,15.996322,12.028491,-2.1328716,-9.904811,-4.6221976,-5.9747543,-5.0563993,-12.855758,-1.4418386
C1CN(CCN1CCCN2C3=CC=CC=C3SC4=C2C=C(C=C4)C(F)(F)F)CCO,3.6223783,-8.6600485,-0.78798366,7.0152154,-1.7805953,-1.5594891,-15.341489,-0.10194151,9.440523,4.264352,-3.2279727,-0.34058458,-9.063068,4.158762,-5.5393977,-3.497176,5.0997124,-5.75989,-10.31147,5.893844,5.77145,3.8713136,12.6535225,11.224144,-12.450153,-5.167095,-4.1840625,-9.571652,-0.6958036,-0.0803378,11.326825,-6.593263,-4.745198,-2.4433196,4.387773,2.3642843,1.2903297,0.07271459,10.614504,5.866198,-7.6004195,-0.6493399,-3.9909048,-0.71214557,-13.074879,1.6403714,-1.4984181,7.2814417,-5.4469795,7.2458754,4.6392574,-6.543775,-2.4679024,-9.857697,-8.987669,-5.0123367,-5.0604763,2.7573411,1.643734,9.3994665,1.8820468,-7.8910637,-0.87562406,1.901592,-10.263825,-0.8379123,7.9782267,-1.8758092,-2.9638085,-3.4038472,-4.778286,3.5857458,8.909224,-11.297673,-1.2552979,4.9089737,-3.8286955,5.462474,-0.7936117,4.5944295,7.2596636,2.2495813,-4.027214,-13.961516,2.9881754,-4.394871,-8.638925,10.589627,2.904129,-3.8136227,4.372514,0.9777712,2.9751558,6.3004813,4.2699304,-2.9048696,1.3427937,7.595599,3.5569506,4.0627174,-4.5863485,-9.417815,-7.090453,-11.688226,3.9493606,-7.141716,-2.8789375,1.560493,-0.062101446,-13.080226,-12.182065,5.526998,-0.46480182,-1.1860703,0.74474597,-1.5499647,6.156056,8.767776,-3.2633617,7.6673136,-15.17635,3.8769233,-5.156199,5.775896,4.765079,-8.202693,-10.227646,-0.64471316,-4.538102,1.2406701,-4.8484554,5.5328503,12.792949,10.3925,-2.772897,15.385034,14.33424,-3.5484235,9.39936,-4.952247,5.8895617,-2.0753267,-1.5460789,1.9291186,8.0399275,7.5226946,4.150016,0.34908253,-0.36809555,11.373868,7.5406137,3.6018481,7.527507,-1.0479723,-1.129495,0.6756948,-6.443567,-11.013226,0.5984616,-5.061321,-5.618612,-4.952093,-5.925227,1.916099,3.588001,-8.049936,2.1087763,-2.1329029,-0.2018551,6.613793,-9.17082,-3.3735366,15.425171,0.51822686,4.4683194,1.6516988,8.383895,-2.381456,-5.635978,12.226922,-3.1745353,14.5126505,-5.4578247,13.867049,10.817549,-4.41237,-4.1200423,-6.3286347,-5.9546103,-0.80534774,0.32672834,0.24231777,-0.25137746,-0.6029546,0.79969066,-0.38866663,-4.6913953,-11.874291,-3.1269078,-0.9933988,9.503596,3.1550198,8.108583,6.8206863,0.68719095,-2.8282392,12.72303,4.2783217,8.2050905,-3.4808314,11.915143,-2.3809786,10.059815,-9.369835,0.3142081,-1.6216915,1.7448417,4.6563206,-4.909713,6.655652,0.4475621,-9.491262,-3.325034,0.058352083,4.496065,-5.9845676,-2.14108,-1.2249372,3.5376909,-9.120841,4.301392,3.9714456,-2.56433,-10.656066,1.6382501,-5.580815,-5.233446,-3.0676115,-4.897435,10.016823,4.956058,-2.2343154,7.875544,3.2899675,-8.865866,5.3119507,-12.1544695,-12.014886,0.35165337,-7.972716,-17.514626,1.7484714,-1.3997263,0.8298602,-13.655386,2.6607485,-0.00837259,-7.485197,9.633521,-5.3987293,0.47223496,7.42291,7.427841,12.122461,5.188261,-8.993706,-10.058738,6.216132,0.72528696,-6.96434,-4.746073,1.2888317,-0.93324095,-1.0530696,-3.3426182,-5.710311,-3.5018992,5.679187,-3.2186956,-2.6400611,-5.8645926,-6.80595,-16.992098,-9.306537,-2.1671622,5.3142695,-0.4237285,-3.0240812,-1.8904065,0.37068757,-1.8781973,12.792253,11.740871,-0.9787088,-12.21918,-2.1980948,-4.547784,-7.620805,-12.372945,-2.4246743
CC(CN1C2=CC=CC=C2SC3=C1C=C(C=C3)OC)CN(C)C,-0.50530714,-3.35064,-2.3804622,5.4277186,1.9936134,-0.7188479,-10.492417,0.12134701,8.415736,0.90532696,-1.936729,0.85431856,-4.311575,-1.5244659,-2.791286,-1.6651518,5.9157553,-4.5394893,-3.2047434,5.9409585,4.7480626,5.1372275,12.865478,5.384422,-6.8174505,-0.087921135,-1.8299606,-7.312901,1.3661784,1.280746,10.0081,-5.662875,-5.0031047,-6.1508713,1.9932096,0.75462794,0.5740341,2.6279035,7.582616,4.205611,-2.3284945,-2.5032177,-4.615796,-1.1336572,-8.736932,0.58666337,-2.278815,5.7971497,-5.538729,3.1330948,3.8847976,-5.819815,1.251824,-11.038135,-7.4283338,-4.4750795,-3.1340592,0.60695815,1.8181043,5.080274,0.48035738,-5.8100944,-1.9035088,0.8472303,-10.106194,1.7647313,6.2637315,2.4752645,-2.6058376,-0.96078336,-5.2888646,1.3364778,8.781778,-5.199144,-2.033066,6.612751,-5.7010064,3.311079,-3.8288083,3.2308476,5.159252,-0.7552769,-4.768451,-7.6832733,-0.6246676,-1.6194179,-7.102489,4.2976665,2.918443,0.7080511,5.32349,4.7350435,3.933666,5.097164,0.16757524,-1.9946405,3.4605372,2.76951,5.8338375,1.7999117,-5.6559362,-7.8927736,-7.197407,-10.4404955,0.487737,-6.1536617,-1.2653933,2.238835,4.265573,-6.9755154,-10.159736,3.085807,3.255209,-0.31344053,3.5390854,-2.8189316,5.648986,9.089422,-3.162996,5.4483323,-10.40228,1.2019731,-5.2705474,3.892308,7.212505,-8.683625,-7.2242355,-0.66599673,-4.0073276,-0.3883811,-2.3588943,3.1361735,7.250841,8.610401,-1.4473965,10.041721,12.441772,-1.7697636,8.572801,-3.15477,7.89201,1.1830648,0.68756425,0.48139572,7.712325,8.2262535,4.3565516,0.62093604,2.6145897,6.8591228,4.0207715,2.7292554,3.0424528,-2.5349991,-0.56316507,1.0506741,-4.560185,-5.212829,1.6886389,-5.788376,-3.8416715,-1.6751196,-3.0406165,-0.0068956017,2.4553084,-8.505564,-1.5968814,-3.2481713,0.5261145,4.8925033,-6.1840997,-4.3404255,8.630951,-0.5787171,0.7383547,3.0339851,2.5615022,-1.8054881,-2.1584074,9.956557,-1.9232922,6.828289,-0.91644144,9.35345,6.7548738,-4.8746414,-1.6415746,-2.1598577,-3.44214,-0.79369175,-1.3117405,-1.2462628,0.2629805,0.2399822,-0.49815977,-0.2315971,-4.252338,-9.548379,0.31219238,0.6871574,3.4559023,4.9599624,6.0495434,2.2471542,1.8852713,-2.8612578,10.882399,3.1051478,7.0712166,-1.8853261,10.482928,-4.0926123,6.2333117,-5.8046393,2.4889636,0.7088891,5.000571,4.662549,-4.3257904,2.6423829,0.20645572,-8.271265,-4.0208607,0.16704059,1.0325546,-4.4279184,-2.882114,-1.7210304,5.4941077,-6.7442884,0.67852515,-1.3233854,-4.5355988,-6.8338146,-1.8136737,-6.059975,-2.6216986,-3.0229263,-2.0168493,8.682899,3.3750453,-1.504178,4.7888126,1.5317652,-2.3461487,5.7257423,-9.090322,-5.2158966,-0.4732265,-5.731549,-12.793401,2.649981,-3.907365,-0.35285476,-8.956,1.9108357,1.1579854,-6.906025,6.9860673,-6.013811,-0.14444596,5.8722935,3.4191263,7.991774,1.9397932,-6.174287,-5.586586,5.1592956,1.3162339,-4.1659613,-3.1297874,4.017432,-1.4496151,1.2508869,0.2869454,-4.7950616,-1.5581679,0.07994734,0.5498071,0.2713496,-7.6011486,-5.8467116,-11.135272,-5.3508787,-1.159122,4.85428,-2.6539338,-1.0763856,-4.9490547,-0.8848007,-0.13340569,8.942257,9.249224,0.71276927,-8.296149,-2.4014919,-4.029211,-5.3768363,-9.660401,-1.3985224
CC(C)NCC(COC1=CC=C(C=C1)CCOC)O,-0.98547125,-2.6549878,-1.7630888,4.089744,4.2402463,1.0585085,-9.333323,-2.4258687,8.188709,-2.1897645,-2.357439,4.0130773,-1.6366535,0.025994793,-4.656401,-0.92946166,4.534193,-7.695044,-1.1415908,4.370333,1.0200166,5.3803124,9.966887,6.115488,-5.7827506,0.5614152,-2.4445348,-8.053653,-0.46025866,-0.611786,5.523987,-5.0832295,-4.4641776,-5.0517225,0.74469554,-1.9191244,-2.1771464,1.8552939,6.5838947,3.3744957,0.30506802,0.38600978,-4.9370403,-3.107574,-5.6575465,0.47225687,-0.31294203,8.404991,-5.582427,4.8890405,0.9226574,-8.844005,-0.9522649,-6.004769,-6.659206,-6.1208525,-3.1920052,-0.62043554,2.4960737,4.526118,0.79108715,-3.183113,-4.445506,1.5223664,-11.80541,-0.47525737,6.814471,1.591626,-3.7674246,-1.428505,-2.8642545,1.0864692,5.7082486,-4.999499,-1.1080338,5.9057183,-7.0036635,-0.15776712,-0.14209282,1.8018469,4.5389605,-1.539062,-0.26641333,-6.751379,-0.7453005,0.82542187,-6.1113496,3.7953434,0.73325706,-2.850025,5.4437203,2.619805,2.3156984,2.1758685,2.0653892,0.66257,5.8767514,0.95795536,7.868281,2.2822437,-5.2145042,-5.210997,-6.5899625,-8.051454,1.0387743,-5.1653748,-5.0455537,3.0827568,2.5982037,-5.6161504,-7.933698,6.158568,5.638126,-2.8766065,3.733516,-3.0412688,7.4029293,8.010187,-0.94117177,6.2719445,-7.125128,1.7819154,-3.1232367,4.338138,4.7140236,-6.4156103,-5.5787396,-0.82054716,-3.9063563,-0.83306766,-0.320499,2.5258589,5.6375,12.412796,2.9033077,7.9557357,7.4568987,-2.1263828,7.4295344,-2.4294128,5.5454354,1.086256,0.26531285,0.052305415,4.4399633,4.6260133,4.3650937,-2.4903371,2.6284122,6.3392696,3.0501103,3.2508128,2.6497855,-2.7110372,-0.7797271,1.6813881,-5.421476,-5.164069,1.3480066,-3.8886368,-1.465135,1.216032,-1.5916883,0.58015305,-0.5675169,-7.3630514,0.11855785,-0.7576659,-0.31305212,7.1292763,-5.0332785,-3.1315842,8.125011,-1.7788717,-0.28818336,3.6660612,3.4300146,-2.3876784,-4.1172323,7.341865,-1.9242584,6.595373,0.95442104,8.109646,2.597303,-4.5505466,-0.56554383,0.43195337,-3.284313,0.56614417,0.79216754,-2.719205,-0.3411119,-1.1228839,0.976121,3.8399222,-3.204262,-7.7663574,0.5826192,-2.8630097,2.2774158,2.7878013,3.63965,1.0485339,0.8832643,-1.4658904,7.9814754,4.152399,6.61159,-1.8786223,11.047865,-4.0097313,6.3874927,-2.3050778,4.458159,-0.6438522,5.9367385,3.068619,-7.2960443,0.54299384,1.4041711,-6.5714025,-6.107138,0.51543903,1.5105174,-4.3767447,-2.8171945,-0.47835952,4.9605513,-4.777066,0.66380954,-1.4226822,-3.9395847,-6.5035057,-1.2885981,-4.136847,-3.9687276,0.22576441,-1.5260615,6.905045,3.476381,-5.068106,1.4619117,1.8264493,-2.7721336,3.1387215,-9.807782,-4.9516845,-0.37316796,-0.61863106,-11.386467,3.1311946,-1.0767031,-1.7729309,-8.584366,1.9349159,1.8488605,-5.595977,3.9994276,-7.1129017,-1.3592086,5.857381,-1.1836514,7.234198,1.5034862,-3.0239892,-5.1996207,1.5354939,5.001287,-4.8307896,-2.1783104,4.0115767,-1.6991397,1.785136,-2.0761719,-4.276002,-0.44885293,-4.3176446,0.3483285,4.138374,-5.4793024,-1.9800538,-11.83852,-3.8792017,-3.6019273,1.7594843,0.6412746,0.93554133,-2.4939606,-0.58216935,0.8911483,5.672815,7.476574,1.2575374,-5.7470684,-2.9363768,-2.0014281,-5.6737437,-7.624548,-2.3950644
CC(C)NCC(COC1=CC=CC2=CC=CC=C21)O,-0.45087412,-2.421465,-1.910681,5.520183,2.5647264,0.67139506,-9.83324,-1.0814631,9.364675,0.03878276,-3.6922092,2.0609472,-3.8779778,-0.3262867,-3.8406088,-0.54036766,4.2442794,-5.300115,-1.7921871,4.1712594,0.5188036,6.008692,10.773414,5.415902,-6.093952,1.0793166,-1.9764309,-8.946238,-0.83583003,-0.58608055,8.53601,-5.1433454,-3.6867826,-5.101695,1.8514268,0.04528907,-1.1074953,2.267613,6.531932,2.2773325,-0.2658357,0.06667279,-5.7784534,-2.1234248,-6.5054417,1.2134798,-1.2264751,6.6992273,-5.1566725,3.3674026,1.8345896,-7.023398,-1.3527633,-7.054005,-5.1231346,-5.3179274,-5.0305653,-0.8233598,3.0624316,3.865762,1.6536845,-4.3112965,-4.0196743,1.7695452,-10.745546,0.6254016,7.8326964,1.410012,-2.9216526,-0.33134067,-2.7166326,0.63552654,5.206517,-3.2439778,-0.7800752,5.7233963,-5.8650036,1.1564959,-1.047464,2.7107975,3.718402,-0.91421,-1.5208338,-7.1543884,-0.08409971,-0.39038104,-5.5007973,2.3582225,1.9704335,-3.3191893,4.8672137,2.5272963,2.032136,2.1979613,2.3907413,0.61234075,5.276207,1.4571209,7.4978843,1.5910368,-4.3666644,-6.852907,-5.612915,-8.985273,1.8181099,-5.8360567,-2.4716115,3.6312215,3.5514085,-4.5015483,-9.195484,4.599115,5.068124,-2.084471,2.0528603,-3.5282576,7.0288053,7.4752793,-2.935719,5.4167733,-6.854251,1.5147479,-2.6437948,5.3924565,2.6939316,-5.2613277,-6.030639,-0.7794917,-3.7416422,-2.1146388,-0.3128565,1.5235558,6.402616,12.135384,0.2822618,7.9565015,9.103129,-1.3508372,7.736769,-2.6929162,5.344659,0.2662773,-0.57420737,0.5272382,3.7912257,5.1347427,3.6832757,-3.1073594,1.7978488,6.6707654,4.0835476,2.278472,4.401234,-3.1134846,-0.097949244,-0.25618958,-4.5184402,-5.098609,1.2601968,-3.7544353,-1.1165127,-0.5750577,-2.1572626,0.19137698,-0.37674007,-8.137436,-0.478144,-1.1635334,0.35586056,5.916318,-4.2373266,-2.8370116,8.388312,-0.82272416,0.23934297,2.069347,4.122331,-2.9492161,-4.581459,6.3889394,-2.1986027,6.707718,-0.35372126,7.37782,4.216296,-3.078757,-0.9125449,-0.38974804,-2.577779,-1.2365507,0.0032728612,-1.5179145,-0.6889696,-0.097950846,2.2948422,2.5190034,-3.6789112,-8.714728,0.17845707,-2.3179626,1.0322318,2.5308676,3.4480917,0.918213,3.1250045,-1.1544082,7.3615737,4.706157,5.111076,-1.1523736,10.465334,-2.837216,4.750131,-3.7949204,2.6572797,-0.33687752,3.711611,3.5491297,-7.749834,1.2361909,0.75249994,-5.1626873,-5.0804,0.94566524,0.4310935,-5.005895,-2.1469429,-0.6741295,4.467696,-5.804654,0.41468096,-2.2951157,-4.1091123,-7.2267137,-1.9385718,-3.8158667,-2.4589734,-0.84716594,-1.3178571,7.30337,3.0723376,-2.040175,1.002355,0.093550965,-3.7500489,3.133913,-9.98838,-4.8460703,1.1461478,-1.7101674,-11.352656,3.0550191,-1.6310139,-0.9796232,-8.831499,1.7922286,2.2263393,-5.291607,4.1409416,-6.463276,-0.8169069,5.369243,-0.21388768,6.611194,2.2277355,-3.7061474,-4.1638007,1.5711675,3.056511,-5.212463,-1.94206,5.093706,-1.7305189,2.7996132,-1.3817496,-3.1870084,-1.3443356,-3.3694804,0.1883438,3.553179,-5.8432083,-3.2376978,-12.538891,-4.1136494,-3.822,2.1728892,-0.48645738,-0.03280647,-3.0862594,-0.072307095,0.22750576,6.735395,8.425277,0.75144684,-5.3677354,-2.2258317,-2.1111393,-4.327519,-7.912385,-1.0785055
CC(C)(C)NCC(COC1=NSN=C1N2CCOCC2)O ,1.4594244,-4.3401732,-0.80721635,2.400528,4.862416,1.3163667,-8.941617,-0.41594732,6.4048367,1.9211252,-0.12442141,0.8431438,-2.8429773,2.2051346,-0.7288642,-3.4996257,5.180217,-4.9802823,-3.2057507,2.6155019,2.1408532,2.5470057,6.8720136,5.7665143,-6.0629535,-0.87265325,-3.058321,-4.976374,-2.2324605,-5.1597924,1.6645513,-6.508195,-4.661712,-5.0485888,1.8011098,2.0207803,-4.402217,0.7555989,5.866723,2.5386171,-0.99413913,1.5352232,-1.3454304,-2.9884987,-5.677477,0.90072215,-1.6809115,6.1509695,-4.4247046,8.226725,3.4235497,-7.43383,2.0624275,-6.393499,-9.13593,-5.9505024,-5.782163,2.6306922,1.897263,6.7043533,1.529934,-4.2614594,-3.6605341,-1.8984364,-13.233976,-1.1175781,4.6670055,1.5682492,-2.5183918,-0.7627514,-4.378256,2.7417567,6.4410543,-5.810138,0.51518625,4.5861998,-7.6025157,0.89932895,0.8510526,-0.20281184,1.9305928,1.8416727,0.09391558,-10.513293,3.0717971,-2.0672464,-3.428597,7.4981627,-2.8853164,-3.1869013,2.8760443,0.2505183,2.8418984,1.7938113,5.3054795,-3.2676334,1.1432928,6.3428,7.1331735,2.2275438,-4.5750594,-4.6314173,-3.5057297,-6.834821,4.252728,-4.3579693,-3.3416088,1.8788686,2.7656777,-6.5084295,-6.2591367,3.1553397,1.5317378,-3.523645,-0.82835317,-2.553199,3.8210711,7.543599,-1.1126605,5.3278694,-6.0558844,0.9676895,-1.792364,5.9829054,2.7100759,-6.648875,-3.2290215,-0.054216806,-5.265956,-1.67537,-7.161612,3.9313753,4.1379313,9.391042,-1.080942,9.441777,7.3392,-1.7713892,7.338355,-3.122984,3.1350908,-1.3201741,-2.8656602,0.12729698,2.6496263,3.8525636,0.9007515,0.40309215,1.8358842,5.060069,7.468887,3.950251,1.2308376,-0.103254505,0.40516928,0.041334733,-7.347974,-3.9445045,-2.9151585,-3.4868827,-3.2367759,-2.2517872,-1.2870936,0.4838851,-1.9478698,-3.4017963,3.7036543,0.14143449,-3.9541407,4.651717,-7.0640283,-6.1145353,9.90655,-1.5448183,3.816599,0.27878878,5.816749,-1.1131811,0.09949052,9.614063,1.2132365,8.3068285,-3.2005033,5.735863,3.487916,-4.7288804,-3.2224898,-3.4740746,-3.1623616,0.11887386,0.6668228,-0.0012319386,-3.4601798,1.8779806,1.4562135,1.5344925,-2.4485319,-12.576355,0.60402334,0.8814545,3.2879999,3.2506726,3.7344797,4.1315894,2.3659668,-4.9596586,7.79823,4.899876,4.2004385,-4.446432,9.060482,-3.6164536,10.070716,-5.963029,3.450231,-1.0101135,5.468033,4.4927363,-6.674075,1.11943,3.2266078,-2.2373507,-3.3867726,2.456978,5.590082,-5.2778454,-2.3386736,-2.5529406,2.013201,-2.5649672,4.1148868,-0.29931056,-3.9162834,-7.2994184,-0.32249707,-2.7863233,-3.256115,1.3255693,-3.351416,8.835699,4.0447116,-6.4662533,6.4204574,-0.8694133,-8.779902,3.1560633,-5.980029,-6.439169,-0.5495566,-2.852521,-11.890992,4.538366,3.1033058,-2.3166542,-12.7825165,3.6927943,2.6086464,-6.927766,5.128941,-7.408987,0.48806942,2.3780737,2.971466,9.379069,5.101056,-3.0868719,-2.8304303,1.5382254,3.2069674,-6.427733,0.16629931,0.99989486,-2.291867,-0.9902433,-2.194588,-4.2657514,-0.3621424,2.8763592,-2.0896347,1.6891611,-2.612721,-0.88271236,-11.114483,-6.4980006,-4.9059825,3.3301833,3.1285648,0.1948885,1.0133278,0.99418336,2.7467952,6.008358,6.3022165,-2.536011,-8.232362,-4.8443985,-4.3645825,-7.143644,-6.686905,-3.286451
CN1CCC23C4C1CC5=C2C(=C(C=C5)OC)OC3C(C=C4)O,1.4380585,-4.8343635,-2.1479595,3.1136718,-2.9840307,-6.242943,-6.8770733,2.7697687,-1.00089,1.0526211,3.4667964,0.74081695,0.32956314,-1.2350472,-2.7051394,-4.4362454,2.4570253,-0.76139313,-5.4920917,6.311371,4.613921,6.8356657,9.647018,9.550317,-6.3456483,2.547283,-1.2550157,-5.8578935,1.3825352,-2.953844,6.560604,-5.82784,-5.230699,-4.708938,0.63494754,0.727675,-2.1823509,-2.6079946,10.05728,2.3728342,-1.9387689,1.3661864,-1.4705997,0.37265852,-5.610871,6.385014,-0.066425666,7.4251904,-2.87022,2.1159542,2.8153083,-6.0957465,-0.180967,-1.6494365,-11.846453,-6.7532806,-6.870367,2.1272497,3.647984,2.6005392,-2.7550814,-6.5917344,-5.4492807,2.4924912,-11.574566,-0.7119086,8.208779,-0.8476793,-6.9482584,-2.232755,-6.4950867,4.8850193,6.251983,-5.5417523,-2.7754657,1.4691072,-4.037004,5.2810774,-1.4095438,3.8021312,5.01522,-4.4709964,-2.7588208,-8.568337,2.3834863,1.4988964,-6.792651,8.68254,4.7685065,-1.8121156,2.2827396,3.9059265,-3.172639,-1.0322788,6.969868,-1.5539383,4.5253525,6.7856607,2.2037203,-1.8656205,-6.1927323,-3.6765683,-6.0894814,-5.8858213,3.6491272,-4.330389,-3.048551,6.038839,0.48559394,-5.7727947,-11.644403,3.288257,0.4857622,-0.25267127,3.3134701,-1.0075763,8.178598,8.862026,-3.6071568,0.72353405,-5.5327406,1.3091516,0.9165931,6.954848,1.6690707,-8.904423,-6.8900723,-1.604835,-3.2571073,-0.96171325,-4.695434,5.6200585,8.440819,7.098989,5.3428197,10.773898,5.8475738,-2.468983,4.603285,-4.7364564,3.7175984,-3.1485932,-4.311774,-1.1393663,3.3550823,6.3327265,-5.61456,1.9051489,-2.9090238,1.5552847,6.009512,4.5819907,5.229351,-1.1819472,-2.1977396,4.8715296,-6.3630395,-1.7908037,-0.01481422,-0.058830585,-4.381389,-1.2526281,-1.4584267,1.5737368,0.78195834,-3.4202347,-2.1220078,-2.6269412,-3.157737,1.3158449,-4.718025,-5.727471,6.7197304,-2.6334283,5.651093,-4.111631,4.5808764,1.501217,-0.3625015,9.931723,-0.26498532,7.3822703,-0.22029021,10.578095,6.9123197,-3.2074912,-2.8622155,-3.348515,-4.0935583,-4.8339148,-1.9932635,0.88152194,-2.4230812,-2.7331665,-2.0900714,-0.6629524,-4.109822,-7.0455437,-2.2630992,2.293797,9.142722,3.552936,6.639873,3.0277028,3.765806,4.2308755,6.4145103,5.5464935,8.449698,-0.23608223,6.596267,-4.7220016,9.7433405,-5.507351,3.9984522,-0.35341704,0.6023126,7.2122316,-2.3753824,3.783949,1.1502038,-8.321871,-9.275625,2.4474392,3.5171843,-8.233717,-4.0798397,-5.1519146,2.9989936,-1.8162045,1.2788684,1.4778701,-4.4506607,-12.00535,-1.2722555,-7.4258723,1.5826669,1.699928,-2.4308317,5.351484,2.5219448,-4.025011,6.6758084,2.3897061,-2.657475,3.4429772,-5.5110383,-4.8449187,-0.7049545,0.50883126,-11.616465,5.351903,6.3055143,2.5190113,-12.728296,1.8028758,2.4694943,-4.0255594,5.9000893,-5.550777,1.9058584,6.100655,1.4710689,10.051137,1.1711363,-6.0510783,-3.0899925,5.1782546,3.203111,-2.9299815,4.891143,6.2880645,-1.2469246,-5.5967965,-0.8996404,-3.9973412,-2.5198667,-1.3561244,1.0114328,0.6600419,-4.017895,-6.286065,-9.762117,-9.242869,1.8231118,5.7914543,-3.7482245,-0.26407436,-4.4192457,1.5424762,-1.7215374,14.070176,2.5625522,-1.8006063,-9.144125,-9.146301,-8.717639,-2.6311293,-11.138882,2.8049593
CN1CCC23C4C(=O)CCC2(C1CC5=C3C(=C(C=C5)OC)O4)O,1.9915437,-2.9085648,-2.217961,4.8340096,-0.6535886,-4.9291167,-8.222511,4.3598413,-0.4410485,1.7988499,4.2499166,2.2987785,1.7294512,-0.17220564,-1.2876254,-3.744766,1.8462002,-1.6246672,-5.1169143,6.7645416,3.194754,4.9455185,9.022385,11.365465,-7.7031813,0.54543555,-1.6777697,-8.987959,3.894701,-2.5570085,6.4337993,-4.504143,-6.0169697,0.6498358,0.6840215,-0.24517937,-2.430423,-5.583158,11.079212,1.183863,-1.1384072,0.12510987,-1.6671563,-0.37878323,-4.582466,8.186042,-1.5895907,5.025697,-3.4523053,2.2976317,2.9498467,-6.0115905,-1.4125428,-3.5026374,-12.4383335,-6.6191,-5.5441966,5.2260184,3.60439,3.8131886,-2.7288954,-6.808153,-5.6682396,3.1467073,-13.261221,-0.0711638,8.416386,-1.1205935,-6.7950997,-4.013857,-5.379507,5.665898,5.885677,-7.2335186,-2.387932,3.6457908,-4.9990273,5.943908,-0.4104747,3.488041,3.876428,-3.473742,-1.1222922,-7.114471,3.1204805,-0.34253433,-7.7912436,9.206429,3.3849337,-0.4684259,4.758322,1.5697336,-2.674711,-0.5411442,7.8079004,-2.9405618,4.19318,6.6872997,2.7438715,-0.65692556,-6.8535013,-4.2358956,-5.278736,-6.860036,4.236733,-5.0823097,-2.0139375,7.1079903,-0.11771092,-7.289185,-10.681135,3.2006326,0.79399824,-0.06090419,2.0201187,-2.2959192,9.340916,8.50589,-4.5315294,4.718185,-7.2816005,1.6570939,1.1379504,6.2171793,2.7522748,-10.431566,-7.665868,-1.2046669,-4.742141,-1.8381144,-3.356525,7.128729,9.684767,6.3867373,2.6142838,13.000424,4.6815653,-2.7265482,7.7906938,-5.870091,5.8808913,-3.6213207,-2.3566103,-0.22035393,3.481367,5.8755283,-4.087636,3.9119635,-3.8402715,3.0258634,3.3465364,3.994171,6.6232653,-2.4102085,-1.8374201,2.2793794,-6.873862,-1.5334753,-0.91897637,-1.2644875,-3.9998856,-1.0687793,-3.3295188,1.3022573,1.2231405,-3.0741384,0.5865607,-2.719474,-3.9223368,0.32198218,-5.3656187,-5.995846,8.531928,-4.213393,6.625995,-4.710038,2.6760864,1.4424086,-3.1253872,9.926746,0.742595,7.3040338,-2.8516624,12.16259,7.4179864,-3.8702893,-2.3825798,-3.7017448,-4.822419,-4.828185,-2.2908087,0.008439317,0.45515952,-4.3823147,-2.8961146,-2.5603988,-3.8814516,-6.6231933,-1.9116195,2.1944542,7.412567,3.6569254,6.023239,3.8349748,5.1927447,3.1542668,7.0376124,5.0814333,8.282321,-0.92728746,7.2739534,-4.249979,9.916128,-4.1211905,5.1786656,-1.3032856,-0.105642095,8.872342,-5.670437,6.414918,1.7172091,-8.341482,-7.7218695,2.1140556,4.052837,-8.779366,-3.7467756,-5.4029975,4.8405333,-1.3745966,0.5033287,1.140773,-4.2016153,-13.019144,-1.9409912,-8.093385,0.12152076,0.54902923,-1.8860271,5.38587,5.093224,-2.4355717,8.446369,6.0654488,-4.807699,3.3079722,-5.879149,-5.9884777,0.6558217,1.7980548,-12.110434,6.821928,3.5470712,3.1952267,-10.587431,1.4250176,2.6682937,-4.445982,8.119525,-7.316944,2.099325,8.093513,3.6779718,10.384949,1.5490173,-6.887195,-3.8731413,3.2140892,2.4299579,-5.477403,4.4319816,7.7410684,-3.0659766,-7.689002,0.75768816,-5.5601697,-0.056385525,-1.2073915,0.85756755,0.22013184,-3.1858034,-6.86611,-9.139921,-7.1226263,0.9775487,6.5963197,-4.176432,-2.234919,-4.958636,2.4518828,-0.550072,13.020668,3.2513225,-1.3539612,-10.828859,-8.461089,-9.579025,-0.17680758,-8.0956335,0.9648002
CN(C)CC1CCCCC1(C2=CC(=CC=C2)OC)O,-0.4225412,-1.5360972,-0.24553204,3.0009744,-0.13977571,-1.6460578,-6.7418714,2.4585776,4.1567764,0.70087385,0.6974319,-0.47845417,-0.27682078,1.0066202,-3.8778312,-2.3126082,3.413733,-2.8982503,-2.8160634,3.6445053,2.6439154,3.5554483,9.757827,6.3142004,-3.7761028,-0.09981498,-2.2223444,-6.7164946,2.824489,-0.32955343,4.973017,-5.2630587,-5.479985,-3.8362849,0.87067807,-0.71232283,-1.3721973,-0.778991,9.507366,4.9515357,-3.5253177,-2.3821902,-3.3247144,-0.7329913,-5.425534,3.8005538,-1.2583413,5.470121,-4.3745346,4.1847353,2.6799626,-5.2730837,0.99550223,-6.92252,-7.5868807,-5.5733056,-2.9749632,2.3284056,3.4351401,3.7478147,-1.1704171,-5.915883,-2.3762178,2.6468437,-12.484632,-1.1874113,6.102386,-0.60687685,-4.5536013,-1.8761331,-4.447119,2.8255363,6.525517,-5.9812393,-0.77861524,3.8389413,-7.1342826,0.7841195,-2.2259076,2.370756,4.3961787,-2.242451,-1.0498464,-7.3432145,1.9521346,0.8924056,-5.3937154,7.252937,1.4923704,-1.6985095,3.8803258,2.1713963,1.5605031,2.1086974,2.234523,-1.7056775,1.302062,3.8759055,3.75773,0.14978108,-4.866134,-5.0825377,-5.2706814,-6.4128175,3.773169,-2.7617605,-1.4046547,3.6593359,0.33113056,-7.2971153,-8.641168,4.2801266,1.7722417,0.5596139,2.3045108,-1.7753654,5.7166877,6.9695177,-4.059249,5.799903,-6.6092367,0.9312919,-2.5594928,3.678076,3.0288622,-7.071428,-6.984023,-0.13158631,-4.811913,-0.35213172,-1.29332,6.11623,6.331426,5.6718926,0.6060319,8.81223,7.9747815,-2.0534768,6.057376,-4.1333723,5.348694,-0.7440948,0.016710356,-1.1021812,4.527621,4.6552234,-0.36202654,4.290238,-2.2195084,2.9712763,2.2023637,3.8019078,5.2255793,-3.2181225,-1.8523225,1.6817267,-5.3664455,-1.7468513,-0.5353102,-2.4252443,-2.3493948,-1.0672643,-3.1672485,-0.52188325,-0.8677049,-3.9959579,-1.6459583,-3.5147412,-0.9882289,2.8919785,-3.4179056,-2.978898,9.027191,-4.1539426,2.9626489,1.6904459,4.2469335,-1.3760126,-0.61799896,10.459489,1.4813656,6.8166885,-0.8838049,8.022089,6.771581,-3.7953622,-4.743527,-2.359107,-3.3858342,-1.4958253,-0.37916893,-1.542296,-0.19451219,-1.3848712,-1.045051,-2.031962,-1.7901624,-7.9723077,-1.8961704,3.7067513,4.171742,5.1140394,5.839348,3.7169447,3.6966991,-1.8385899,8.287835,3.9141726,7.220986,-1.7587146,6.331352,-3.469808,6.7833586,-3.4100022,3.5845118,-2.6833127,1.4838663,4.826789,-4.637443,4.829195,2.2323668,-6.3921094,-4.2643294,2.87752,2.6511278,-4.944252,-2.2988818,-3.3307374,2.3367698,-2.48365,2.4331975,0.905971,-3.7135305,-9.219354,-2.6661787,-5.235258,-1.8156757,-0.94921577,-1.5897,5.9638586,5.62551,-2.6819983,4.4431806,3.3947449,-3.0112844,4.2625036,-5.5461884,-4.230205,0.577189,0.70491683,-9.542613,4.597782,0.63160974,0.12698121,-8.97533,0.5251208,1.9002223,-2.671644,5.8476186,-6.161645,1.1049387,6.01025,3.3443296,7.537535,4.4292727,-5.0671144,-2.593779,4.092525,0.9196422,-4.1553574,2.2918267,3.2518044,-1.1471783,-1.1989098,0.40758133,-4.1875486,-0.87338626,0.77496165,-0.05205954,1.0763456,-3.557257,-5.123838,-7.9303036,-3.2277467,1.5665723,4.0012765,-1.4075296,-0.95038193,-2.8543348,-1.173742,0.26064533,8.930835,4.3626847,0.23552969,-8.338987,-4.98913,-5.126419,-2.863867,-7.794834,-1.7814378
CCCNCC(COC1=CC=CC=C1C(=O)CCC2=CC=CC=C2)O,-1.275081,-2.8959181,-2.8658636,5.470367,3.6654594,1.0090121,-13.708201,-1.5565181,9.352513,0.2919215,-5.2449427,2.2502446,-6.7979016,1.4714622,-7.5910606,0.9542564,5.5219626,-8.31149,-4.8236995,6.236127,-0.81317586,5.32098,15.776914,8.156655,-7.9579997,0.5331193,-2.1266356,-12.259795,-0.6697503,0.278938,9.704934,-7.5318923,-3.653673,-7.0517626,1.5570865,-0.13593724,-1.1612946,3.13562,8.437627,4.9575934,-0.3939333,0.5483651,-5.7872643,-2.2429986,-9.351749,1.9028039,0.61047775,10.608752,-6.823125,5.2592726,1.9740425,-8.278302,-2.2173553,-7.7780733,-5.6263065,-6.3760686,-5.4092646,-0.40182936,2.7520914,4.097043,0.44572657,-6.2271943,-3.411563,2.8143992,-12.48982,-0.41931924,7.131493,1.3294866,-4.428849,-2.168886,-2.6206558,1.6700293,7.745064,-6.513032,-2.3165963,6.9422736,-6.798975,2.0791974,-0.69177204,3.4518797,7.021663,-1.757607,-3.0707936,-10.470405,0.35673642,-0.00023964047,-7.2255816,3.7619972,2.35679,-4.5999026,6.5226455,2.3716838,1.5489297,5.2773933,0.627561,-1.0269405,7.213935,2.0904906,7.114488,4.638984,-2.5439901,-7.494014,-6.706501,-10.635737,1.6866165,-8.052413,-4.1041684,3.5111654,2.2177994,-7.6928234,-10.271681,6.414103,6.355484,-2.842526,3.6100194,-6.3896666,8.013424,8.832969,-1.9736077,5.984822,-10.177665,1.866584,-3.3529446,5.806518,2.9324825,-7.853159,-9.022058,-0.85661715,-5.594416,-1.647563,-1.3215051,3.6577272,9.213095,15.481241,0.82408845,10.600395,9.70094,-3.2110934,9.163367,-3.261927,5.983303,1.379996,0.71654254,3.162797,7.6060143,4.833712,3.8623834,-1.674942,1.5209706,8.604797,4.0433097,3.4909463,5.105346,-5.9591436,-1.1755553,2.3399746,-7.3887367,-8.225736,2.0859394,-6.036984,-2.129958,0.10241355,-2.8908901,2.053304,-1.1363091,-8.844347,0.51633507,-2.3972504,0.9503653,8.358132,-6.0330634,-2.1647027,12.253506,-3.6672902,-1.2296879,2.8677192,5.673715,-3.7592728,-9.054046,8.82327,-4.1415906,9.637056,0.036938548,9.089713,7.4623814,-5.0632663,-2.0773897,0.25800687,-4.963281,-1.0531542,0.05977653,-2.4901175,-2.0415344,-1.9353952,3.4080148,3.5670938,-4.274242,-8.887952,-0.8996741,-3.685693,4.1829567,2.8533494,4.8094,0.69091564,0.5633533,-1.5359845,10.854521,5.9851537,8.628491,-3.2156277,13.485227,-4.6840024,6.8398094,-3.5735786,3.7685902,1.8797501,4.7555842,3.9629314,-7.7831583,4.4655104,0.51008224,-7.2242956,-6.0954227,-0.06353113,2.7466912,-5.6436195,-1.1742337,1.1850274,6.875064,-7.6693897,-0.19727919,0.91478074,-5.3781004,-8.310351,-2.1526399,-4.5699472,-5.8831105,-1.0566319,-0.72461224,9.15262,4.3883224,-4.730596,2.0944662,0.51515853,-4.931098,4.5868983,-13.598367,-6.805732,2.9858856,-2.4636183,-14.827759,1.1797849,-1.3548137,-2.6158903,-10.208278,1.7592442,1.9086094,-8.350342,6.4996696,-8.862627,-2.782288,7.859589,2.3304305,8.868541,2.415952,-6.4479127,-9.053045,2.3355904,4.7868724,-6.766263,-3.956186,3.5919108,-1.570095,2.640662,-2.149536,-3.8771152,-0.9285671,-4.000247,-0.75219226,2.8589888,-6.6955233,-2.2935276,-17.046124,-5.058839,-4.4052315,2.242595,0.0056468267,0.15676597,-3.308207,-1.3800379,-0.84866697,9.07909,11.965724,2.1571875,-6.998408,-2.019513,-2.2351089,-5.5643578,-11.072939,-3.323283
CC1=CC(=C(C=C1)O)[C@H](CCN(C(C)C)C(C)C)C2=CC=CC=C2,-1.1849967,0.087723546,-2.50856,5.935494,3.0037353,0.46128187,-9.983846,1.0751699,11.125593,-2.0440881,-3.0073452,2.1010115,-2.315496,-1.4026767,-5.422788,-3.5814335,7.356742,-5.697746,-5.919812,6.604076,0.90338457,7.8852396,13.746464,5.4995146,-5.559792,1.4625045,-1.9920379,-9.163955,2.153612,1.1236147,9.982643,-4.8424845,-6.315414,-7.124728,3.0056365,0.011160396,0.49721497,1.061006,7.465905,1.2026092,-1.6071405,-0.21510592,-6.530911,-3.3011942,-9.281277,3.1485271,-1.9874673,9.694995,-4.6762977,2.0720067,4.8558736,-10.682602,0.7156662,-10.298094,-8.147047,-6.0018167,-1.2096692,0.69169986,3.0105076,3.7443404,1.5243438,-5.3545675,-3.7810347,0.92416584,-13.316218,0.94196075,8.131924,3.1764746,-4.650873,-2.483713,-3.6682727,0.060281053,6.266632,-6.477071,-3.152257,7.1207743,-9.324189,2.5822082,-1.8102735,4.1961584,5.0750165,-0.70149994,-1.6942459,-8.737054,-3.397993,-0.9895733,-5.9606285,3.7178252,1.0456483,-3.6666222,5.6767516,4.3578973,5.1295385,6.043434,3.005627,2.098234,6.5761704,0.73002476,9.560616,-2.1964967,-6.474174,-9.059927,-8.125346,-9.167883,3.060738,-8.720888,-2.2342541,6.954186,2.5272639,-5.536002,-13.06149,6.2822366,5.6582656,-3.2135525,5.2234206,-4.2588344,6.176903,9.065312,-3.2330847,5.255353,-8.002432,0.46961424,-5.666866,4.796655,5.0671325,-9.341013,-10.181667,-1.2884618,-5.2033925,-0.460459,-1.7760708,3.9765482,8.360563,13.040462,0.04926473,11.11566,8.848812,-1.7810781,7.815295,-2.3049378,8.579564,0.8909259,-0.42982984,-1.5251474,5.65946,5.283695,7.1554894,-3.4290662,2.8776715,5.3895674,5.442279,0.14891271,6.2170267,-2.942042,2.2662401,1.5169837,-5.0131593,-3.9576576,1.8250699,-4.4688334,-1.5121576,-1.2545856,-0.61017567,0.6548988,1.9702674,-9.307577,-0.60718656,-2.7800262,1.0769619,4.0325646,-4.7844744,-5.217475,10.744453,-2.6836913,2.0336158,2.6251135,4.6561875,-2.914848,-3.188063,10.17617,-3.9065654,8.031563,2.048724,8.696607,4.870473,-3.613466,-1.2745435,-1.49083,-2.8418033,-0.941596,2.1495385,-0.5277116,-2.211409,-0.37330276,4.1855164,-0.42184728,-4.1951747,-11.186326,1.2447822,-0.69155943,-0.5302782,2.807174,6.278237,1.6463563,4.108198,-0.095204696,11.222171,4.5183077,7.5017023,-1.5674196,13.670642,-3.5402782,7.611354,-5.599194,2.3461561,-1.0963087,5.119266,4.493611,-9.6896715,0.9249725,1.8662072,-8.614718,-5.8443384,1.4258015,2.49517,-4.935272,-3.5586705,-1.677915,6.5034695,-6.1274805,1.4713962,-3.2670262,-5.9670362,-9.045884,-4.243765,-6.394436,-1.3045083,-2.7080703,-1.9944854,8.811862,4.8523684,-3.0990536,2.7046294,-0.41468915,-2.553245,4.5118747,-12.000738,-5.3341618,0.32805586,-0.7714337,-13.9775095,3.6183832,-1.1834469,-0.050252214,-12.316315,0.4044966,3.6759784,-5.3604217,5.9248266,-8.490235,0.73444194,7.316229,-0.899646,6.6690364,1.70404,-5.039583,-7.1292324,1.8664517,0.8546555,-5.9657283,-1.4858853,6.450866,-3.2659514,4.6325464,1.3070607,-5.2060146,-1.0282987,-4.0334473,0.0766976,2.7607372,-8.112999,-5.280442,-13.61081,-4.8021584,-2.6577826,3.5277402,-1.6285897,0.41241926,-6.186437,-0.45847213,-0.6811513,6.7666464,10.128819,1.8597176,-7.6082773,-0.6790278,-2.8261516,-5.4759355,-10.749348,-1.0049565
CC1=NC=CN1CC2CCC3=C(C2=O)C4=CC=CC=C4N3C,2.8242254,-4.0839076,-1.8261433,6.5533304,0.2950671,-0.49475682,-8.803877,-0.31973755,4.4281516,2.6872969,-2.0009916,0.3598189,-8.399769,1.2125732,-6.3428345,-3.0097952,4.540917,-3.9685266,-3.8095179,6.525733,3.121853,4.6475897,11.830415,8.038509,-8.258534,-0.9626319,-2.6780868,-7.3210635,1.9637566,-0.21802042,9.703867,-5.832068,-5.8430862,-3.2197611,5.4419546,1.4979316,-0.4216162,-0.36703652,7.727547,2.7683,-0.7035456,-0.9906409,-3.4877212,0.47143304,-7.0992684,5.2523813,-1.5512112,3.955757,-4.336791,3.5745687,5.6438565,-4.745591,-0.19984254,-8.804437,-6.937387,-3.8457634,-4.1324816,1.4789553,1.3620106,3.76137,1.9721634,-7.9967036,-0.38978425,-0.14993002,-12.557836,-1.4041443,6.237342,-2.5546374,-2.8186836,0.5729281,-4.453662,1.9505377,8.147472,-4.7669406,-0.3917605,3.8522274,-5.3301234,2.254151,-1.5220572,3.6002455,4.693748,-0.33682376,-5.3719735,-7.1015854,2.6229947,-1.3292542,-5.83687,5.132682,4.918975,0.45720792,4.740863,0.97516835,2.0431101,2.7059934,2.48543,-2.0846803,2.6744204,4.773849,4.2788453,0.2409819,-5.8360023,-7.036881,-3.3456495,-9.519523,6.1138625,-3.6776936,-0.93157125,3.8601997,0.053847723,-4.5262012,-8.624313,-0.37392116,0.6458569,1.732038,0.437804,-4.455745,3.8167338,7.6065593,-2.8656688,1.9966357,-7.9185047,1.8165233,-0.48619434,5.5532503,3.9478152,-9.615473,-7.8703156,-1.0582814,-5.379563,-1.2326035,-2.139898,3.696371,7.609975,7.049021,-1.6090572,11.65479,9.175726,-2.075943,6.968809,-4.281627,5.115117,-2.5087838,-3.4213917,-1.2867628,5.365819,4.892309,0.61285764,1.8296075,-1.1980244,6.3082266,4.783114,2.7702646,6.1353464,-4.4407544,0.03837301,1.7347685,-3.6078892,-3.990032,0.3422652,-1.4980407,-4.3999696,-3.376613,-5.256231,-1.6156328,1.2281884,-6.8420124,0.6780957,-1.4979177,-1.0095375,5.254653,-6.5464263,-2.6831496,10.0280285,-0.7376205,3.296746,-0.67652714,5.0675945,-3.2063816,-4.2432323,8.775265,-2.9937356,6.7515926,-4.0203404,7.7323375,8.270867,-1.2452426,-1.8325688,-2.5241444,-2.7169056,-3.8417778,-0.3727339,-0.55309975,-0.4842738,0.27076843,0.4277044,0.19185853,-4.0163093,-8.679884,-2.1121397,-0.17863806,3.9460988,1.0338278,3.4500127,2.2335339,4.4857736,-0.14385559,8.726067,4.818332,5.4032097,-0.908537,7.8930893,-3.983797,6.2863874,-6.314999,2.6065273,-1.6168358,2.0098357,4.7268767,-4.955211,2.6685581,1.8493663,-6.415594,-3.5342383,-0.16590813,5.3682137,-3.1699684,-2.6139998,-0.2453651,2.9244123,-3.4859354,1.7053857,1.0708745,-2.9426556,-11.570352,-1.4145163,-6.8007183,-2.675663,-1.3975703,-2.6052349,6.536938,5.181689,0.84094286,5.559655,1.083355,-4.6109805,4.5252504,-10.1299,-5.5850363,1.8828199,-5.1445317,-13.005867,3.6308618,-0.707673,1.0556706,-8.919076,2.55314,1.9659954,-5.690753,5.0384426,-6.1969433,0.4813506,4.1420083,4.333423,9.470675,4.373421,-4.746456,-6.0487924,2.6324513,0.3296261,-2.7880054,-3.3778305,4.0852914,-3.3816419,-0.2040654,-0.4781879,-4.7878647,-0.7292587,0.63755584,0.25664985,0.32305276,-5.820838,-3.3612976,-8.045228,-6.607787,-0.9507591,3.472639,-3.2207186,-1.2725239,-5.1277223,0.70345587,-2.1994867,8.89661,7.174149,-3.66422,-6.2875247,-3.5711465,-3.3506331,-2.241558,-11.465709,-2.29569
CCC(=C(C1=CC=CC=C1)C2=CC=C(C=C2)OCCN(C)C)C3=CC=CC=C3,-1.3132136,-2.0705974,-4.156242,7.212402,2.8976824,0.39574674,-11.979675,-0.15721244,11.17012,3.85607,-7.7535486,-0.10183877,-10.533023,1.5463306,-5.147311,-0.46338755,4.673151,-5.2242365,-5.69098,7.6193795,1.2317164,5.6702213,18.747946,5.702867,-6.165292,-0.9996285,-0.33980334,-8.999072,2.3541505,2.703719,13.442973,-8.062593,-2.941321,-9.597306,0.89199686,2.6257765,1.7636199,3.1790957,9.204882,4.52062,-3.421318,0.83569723,-8.609649,0.7143325,-14.444744,1.7049669,-0.56442535,8.590452,-5.4188504,6.4841146,5.060078,-5.4826984,-1.5845299,-9.70366,-5.199649,-7.064509,-4.6542196,-0.6784272,1.8077943,3.7814312,2.4328222,-7.337225,-0.70171815,2.2562273,-13.880205,1.1521574,7.05391,0.9645127,-1.55925,0.7265812,-3.8120258,0.18277715,9.392831,-5.607262,-2.6530056,8.848872,-8.3466835,3.1751251,-2.7087042,4.679327,7.7371426,-2.5665355,-4.527336,-10.428317,-0.8037539,-1.1306973,-11.070335,5.735769,3.289867,-1.8240094,7.0813746,3.694769,3.3560019,10.8109865,1.0715533,-1.8165593,5.6349,1.7034245,6.1913085,3.8361123,-5.0488076,-9.119283,-7.966291,-11.324438,3.7286937,-6.90583,-2.142438,5.11549,3.0466354,-6.657876,-14.170287,5.243229,5.035789,1.0497674,3.8238919,-6.0172276,8.113301,10.56204,-5.7619233,6.678497,-14.0314665,0.6597026,-6.67539,6.9579215,4.805829,-7.344716,-11.862978,-1.2631388,-5.283298,1.508708,-1.1314964,3.9063344,11.196141,13.439788,-1.303755,11.81057,16.169521,-2.269593,9.696115,-2.4127755,6.83863,1.4012141,1.7229903,2.9728527,10.588912,7.76255,3.8492467,1.4123154,-0.26248097,7.2961483,4.021602,2.5886917,8.615812,-5.425361,-1.1428198,3.5985248,-8.010749,-6.3559885,1.9122576,-5.6366873,-3.4401095,-1.9765859,-3.13572,1.533922,-1.185259,-8.556557,-1.2783017,-4.822172,4.2102,3.816537,-6.187186,-3.6422744,12.942885,-4.808265,-1.302157,1.703496,5.98897,-3.4748697,-4.554746,12.0040245,-4.0714736,10.072465,1.0962552,9.880668,10.542566,-5.489964,-4.494231,-3.5915585,-6.479373,0.09473298,-1.0470538,-3.2989645,-0.9378078,-1.4554166,2.0293558,-0.20195381,-5.573148,-10.258158,-1.3236476,0.996487,6.1526546,3.2033114,6.690134,3.5669475,4.6923957,-2.5823066,12.850298,5.1625648,10.293473,-2.674621,13.893764,-5.988268,5.232682,-4.124401,1.1527709,3.268718,0.93382895,4.7010093,-7.08944,6.2608657,-0.026535466,-10.035147,-5.262811,0.5963812,3.2819948,-6.4236045,-0.9525171,1.2587105,7.9359994,-9.485729,0.00598979,0.071883686,-7.003437,-11.874486,-2.705796,-3.8922224,-4.6634183,-2.5911548,-1.8114052,9.434956,4.949123,-0.8743402,1.7187575,0.6003786,-5.3450427,5.5088778,-13.497674,-7.9400387,2.7403934,-4.9079857,-14.816028,1.0828197,-3.9273682,0.19564834,-10.529968,0.36391833,3.6067939,-10.049704,5.7211237,-7.920445,-2.1375127,8.301162,3.7603884,7.581547,2.7356875,-7.981348,-9.763375,5.77812,1.3381683,-6.975142,-2.9643497,4.2816863,-0.5495478,3.9796176,0.43931538,-3.6677003,-1.4153111,-2.4807475,0.40443775,1.863612,-10.112386,-5.0980554,-16.487774,-4.387138,0.95981455,3.5229897,-0.38916284,-1.0099365,-6.962703,-3.6646402,-2.0027766,9.493368,14.63112,3.5853734,-8.015962,-3.9728856,-3.8844063,-3.8070097,-11.411085,-2.3650117
